outlet,count,total_count
The New York Times,1677,1677
Bloomberg News,1596,1596
Reuters,1495,1495
Associated Press,1228,1228
Forbes,1192,1192
CNN,1099,1099
The Washington Post,1061,1061
The Wall Street Journal,1027,1027
Los Angeles Times,1024,1024
The Guardian,800,800
NBC News,746,746
USA Today,554,554
Financial Times,524,524
Fox News,517,517
NPR,507,507
ABC News,485,485
Daily Mail,466,466
ESPN,456,456
The Athletic,370,370
Univision News,322,322
Business Insider,312,312
POLITICO,307,307
The Boston Globe,296,296
New York Post,236,236
The Economist,231,231
The New Yorker,229,229
Sports Illustrated,226,226
Telemundo,219,219
Philadelphia Inquirer,215,215
Law360,206,206
Axios,205,205
Star Tribune,197,197
BuzzFeed,183,183
VICE,178,178
Al Jazeera English,169,169
People Magazine,168,168
The Atlanta Journal-Constitution,167,167
Chicago Tribune,161,161
Newsweek,159,159
San Francisco Chronicle,158,158
Seattle Times,157,157
HuffPost,151,151
The Dallas Morning News,148,148
247Sports,143,143
Chron.com,136,136
ProPublica,135,135
iHeartMedia,132,132
CNET,129,129
"WNYC (New York, NY)",125,125
Time,123,123
New York Magazine,121,121
Vogue,116,116
Variety,116,116
Seeking Alpha,112,112
Fox Business,111,111
Miami Herald,109,109
Tampa Bay Times,109,109
Fortune,109,109
Rolling Stone,108,108
The Hill,107,107
SB Nation,106,106
National Geographic,104,104
U.S. News & World Report,104,104
The  Arizona Republic,104,104
Detroit Free Press,102,102
The San Diego Union-Tribune,102,102
Entrepreneur Magazine,102,102
"WGN-TV (Chicago, IL)",101,101
"The Advocate (Baton Rouge, LA)",101,101
Milwaukee Journal Sentinel,100,100
The Epoch Times,100,100
The Daily Beast,99,99
"KTLA-TV (Los Angeles, CA)",98,98
"WRAL-TV (Raleigh, NC)",98,98
"WBUR-FM (Boston, MA)",97,97
Post and Courier,97,97
The Motley Fool (U.S.),96,96
Vox,96,96
The Hollywood Reporter,96,96
KQED,95,95
MarketWatch,95,95
Las Vegas Review-Journal,94,94
"KSAT-TV (San Antonio, TX)",94,94
Science Magazine,93,93
"WNBC-TV (New York, NY)",92,92
Sportsnet Canada,91,91
"KABC-TV (Los Angeles, CA)",90,90
WIRED Magazine,89,89
Spectrum News NY1,89,89
Slate,88,88
"Daily Herald (Chicago, IL)",87,87
Billboard,87,87
Pittsburgh Post-Gazette,86,86
"KUSA-TV (Denver, CO)",86,86
Fast Company,84,84
Detroit News,84,84
GBH News,83,83
Buffalo News,83,83
"WABC-TV (New York, NY)",83,83
Baltimore Sun,82,82
Automotive News,82,82
St. Louis Post-Dispatch,80,80
Bleacher Report,80,80
Washington Examiner,80,80
Sinclair Broadcast Group,79,79
PBS,78,78
The Mercury News,76,76
Orange County Register,76,76
New York Daily News,75,75
Barron's,75,75
"WPVI-TV (Philadelphia, PA)",75,75
Wirecutter,74,74
Bustle,74,74
"WPLG-TV (Pembroke Park, FL)",74,74
"KDVR-TV (Denver, CO)",74,74
The Messenger,74,74
"KNTV-TV (San Jose, CA)",73,73
"KING-TV (Seattle, WA)",73,73
Digital Trends,72,72
The Oregonian,72,72
"WCBS-TV (New York, NY)",72,72
The Portland Press Herald/Maine Sunday Telegram,72,72
"WKMG-TV (Orlando, FL)",71,71
POPSUGAR,70,70
The Times-Picayune | The New Orleans Advocate,69,69
GQ,69,69
Deseret News,69,69
"KGO-TV (San Francisco, CA)",68,68
KSL.com,68,68
"WTVF-TV (Nashville,TN)",68,68
The Denver Post,68,68
Times Union (Albany),67,67
"KTVU-TV (Oakland, CA)",67,67
"WJLA-TV (Arlington, VA)",66,66
"KSDK-TV (St. Louis, MO)",66,66
Kansas City Star,66,66
"KPRC-TV (Houston, TX)",66,66
"WFAA-TV (Dallas, TX)",65,65
"WUSA-TV (Washington, DC)",65,65
The Chronicle of Higher Education,65,65
"WBTS-TV (Boston, MA)",65,65
Salon,64,64
"WXIA-TV (Atlanta, GA)",64,64
TechCrunch,64,64
"WRC-TV (Washington, DC)",64,64
"WANF-TV (Atlanta, GA)",64,64
"WSVN-TV (Miami, FL)",64,64
"WCAU-TV (Philadelphia, PA)",63,63
"KARE-TV (Minneapolis, MN)",63,63
"KYW-TV (Philadelphia, PA)",63,63
"KXAN-TV (Austin, TX)",63,63
"KNBC-TV (Los Angeles, CA)",63,63
"KHOU-TV (Houston, TX)",63,63
"WNYW-TV (New York, NY)",63,63
Pittsburgh Tribune-Review,63,63
"WMAQ-TV (Chicago, IL)",62,62
"WDAF-TV (Kansas City, MO)",62,62
Cincinnati Enquirer,62,62
"KWTV-TV (Oklahoma City, OK)",62,62
"WBBM-TV (Chicago, IL)",61,61
The Salt Lake Tribune,61,61
The Tennessean,61,61
Newsmax,61,61
Orlando Sentinel,61,61
McClatchy Newspapers,61,61
The Indianapolis Star,61,61
Harper's Bazaar,61,61
"WKYC-TV (Cleveland, OH)",60,60
The Verge,60,60
Honolulu Star-Advertiser,59,59
"WSB-TV (Atlanta, GA)",59,59
East Bay Times,59,59
"WDIV-TV (Detroit, MI)",59,59
"KXAS-TV (Fort Worth, TX)",59,59
Kaiser Health News,59,59
"KNXV-TV (Phoenix, AZ)",59,59
South Florida Sun Sentinel,58,58
"WXIN-TV (Indianapolis, IN)",58,58
The Patriot News,58,58
ELLE,58,58
E&E News,58,58
"KTRK-TV (Houston, TX)",58,58
"WFMZ-TV (Allentown, PA)",57,57
"KSTP-TV (St Paul, MN)",57,57
Refinery29,57,57
"KCNC-TV (Denver, CO)",57,57
"WBEZ-FM (Chicago, IL)",57,57
"KRON-TV (San Francisco, CA)",57,57
Texas Monthly,57,57
"KPIX-TV (San Francisco, CA)",56,56
"KCBS-TV (Los Angeles, CA)",56,56
Mashable,56,56
"KPNX-TV (Phoenix, AZ)",56,56
"WJW-TV (Cleveland, OH)",56,56
Wisconsin Public Radio,55,55
"WHYY-TV (Philadelphia, PA)",55,55
"WBZ-TV (Boston, MA)",55,55
National Post,55,55
The Columbus Dispatch,55,55
ZDNet,55,55
Albuquerque Journal,55,55
"WCVB-TV (Boston, MA)",55,55
Texas Tribune,55,55
"KDKA-TV (Pittsburgh, PA)",55,55
The Charlotte Observer,55,55
"WTXF-TV (Philadelphia, PA)",54,54
"WCPO-TV (Cincinnati, OH)",54,54
The Nation,54,54
Omaha World-Herald,54,54
The Press Democrat,54,54
"KTVT-TV (Ft. Worth, TX)",54,54
"WJBK-TV (Detroit, MI)",53,53
"KLAS-TV (Las Vegas, NV)",53,53
"WINK-TV (Fort Myers, FL)",53,53
"WJXT-TV (Jacksonville, FL)",53,53
"KTVI-TV (St. Louis, MO)",53,53
"WCCO-TV (Minneapolis, MN)",52,52
Tasting Table,52,52
"WEWS-TV (Cleveland, OH)",52,52
"WKBN-TV (Youngstown, OH)",52,52
"KXTV-TV (Sacramento, CA)",52,52
"WTVT-TV (Tampa, FL)",52,52
STAT,52,52
National Review,51,51
"WFSB-TV (Hartford, CT)",51,51
Bay News 9,51,51
"WTTG-TV (Washington, DC)",51,51
Christian Science Monitor,51,51
The Record (Bergen County),51,51
"WCNC-TV (Charlotte, NC)",51,51
"WDRB-TV (Louisville, KY)",50,50
"WOOD-TV (Grand Rapids, MI)",50,50
Austin American-Statesman,50,50
"KCRA-TV (Sacramento, CA)",50,50
Cosmopolitan,50,50
"KGW-TV (Portland, OR)",50,50
"KPBS-TV (San Diego, CA)",49,49
"WISH-TV (Indianapolis, IN)",49,49
"WXYZ-TV (Southfield, MI)",49,49
Arizona Daily Star,48,48
"WGN-AM (Chicago, IL)",48,48
Pioneer Press,48,48
"The Courier-Journal (Louisville, KY)",48,48
"WHDH-TV (Boston, MA)",48,48
"WRIC-TV (Richmond, VA)",48,48
"KNSD-TV (San Diego, CA)",47,47
Motor Trend,47,47
Sporting News,47,47
"WKRN-TV (Nashville, TN)",47,47
Pitchfork,47,47
"WCMH-TV (Columbus, OH)",47,47
"WFOR-TV (Miami, FL)",47,47
Mother Jones,47,47
"WAVY-TV (Portsmouth, VA)",47,47
HometownSource,47,47
"WTHR-TV (Indianapolis, IN)",47,47
The Real Deal,46,46
"WPXI-TV (Pittsburgh, PA)",46,46
Bon Appetit,46,46
Bangor Daily News,45,45
"KGTV-TV (San Diego, CA)",45,45
"KFMB-TV (San Diego, CA)",45,45
"WTVR-TV (Richmond, VA)",45,45
"KSWB-TV (San Diego, CA)",45,45
Boston Herald,45,45
"KMBC-TV (Kansas City, MO)",45,45
"WNCN-TV (Raleigh, NC)",45,45
"WOIO-TV (Cleveland, OH)",45,45
"KPHO-TV (Phoenix, AZ)",45,45
"KUTV-TV (Salt Lake City, UT)",45,45
Spectrum News Texas,44,44
"WSAZ-TV (Huntington, WV)",44,44
The Daily Caller,44,44
Food & Wine Magazine,44,44
"WSOC-TV (Charlotte, NC)",44,44
The Sacramento Bee,44,44
"KDFW-TV (Dallas, TX)",44,44
Palm Beach Post,44,44
Stars and Stripes,44,44
Des Moines Register,44,44
Car and Driver Magazine,44,44
"WTNH-TV (New Haven, CT)",43,43
"WPRI-TV (Providence, RI)",43,43
"WXIX-TV (Cincinnati, OH)",43,43
The Street,43,43
"WMUR-TV (Manchester, NH)",43,43
Roll Call,42,42
Minnesota Public Radio,42,42
LNP,42,42
El Nuevo Herald,42,42
"WBAL-TV (Baltimore, MD)",42,42
Richmond Times-Dispatch,42,42
"KSHB-TV (Kansas City, MO)",42,42
Chalkbeat,41,41
Aviation Week & Space Technology,41,41
"WISC-TV (Madison, WI)",41,41
Tulsa World,41,41
"WTMJ-TV (Milwaukee, WI)",41,41
"WHAS-TV (Louisville, KY)",41,41
"The Gazette (Cedar Rapids, IA)",41,41
"WTIC-TV (Hartford, CT)",41,41
Rivals,41,41
Chattanooga Times Free Press,41,41
"WITI-TV (Milwaukee, WI)",41,41
"WWL-TV (New Orleans, LA)",41,41
"KRIV-TV (Houston, TX)",41,41
"KMOV-TV (St. Louis, MO)",41,41
theScore,41,41
The Information,41,41
"KVUE-TV (Austin, TX)",40,40
"WXMI-TV (Grand Rapids, MI)",40,40
"WIVB-TV (Buffalo, NY)",40,40
"WNEP-TV (Moosic, PA)",40,40
Dayton Daily News,40,40
"WLEX-TV (Lexington, KY)",40,40
"WDJT-TV (Milwaukee, WI)",40,40
RawStory,40,40
"KCTV-TV (Kansas City, MO)",40,40
"WVIT-TV (West Hartford, CT)",40,40
"WBTV-TV (Charlotte, NC)",40,40
The Cut,40,40
"KRQE-TV (Albuquerque, NM)",40,40
Barstool Sports,40,40
"WAVE-TV (Louisville, KY)",39,39
Wisconsin State Journal,39,39
"WWTV-TV (Cadillac, MI)",39,39
"WKRC-TV (Cincinnati, OH)",39,39
"WDSU-TV (New Orleans, LA)",39,39
"WJAR-TV (Cranston, RI)",39,39
"KTVX-TV (Salt Lake City, UT)",39,39
"KOMO-TV (Seattle, WA)",39,39
Lexington Herald-Leader,38,38
"KOTV-TV (Tulsa, OK)",38,38
"WZZM-TV (Grand Rapids, MI)",38,38
Alaska Public Media,38,38
Travel + Leisure,38,38
"KTNV-TV (Las Vegas, NV)",38,38
InStyle,38,38
NESN,38,38
"KETV-TV (Omaha, NE)",38,38
"KWQC-TV (Davenport, IA)",38,38
"WJZ-TV (Baltimore, MD)",38,38
"KPTV-TV  (Beaverton, OR)",38,38
Glamour,37,37
"WFLD-TV (Chicago, IL)",37,37
Knoxville News Sentinel,37,37
"KOAA-TV (Pueblo, CO)",37,37
New Musical Express (NME),37,37
"WTVD-TV (Durham, NC)",37,37
Republican-American,37,37
"KRDO-TV (Colorado Springs, CO)",37,37
"WYPR-FM (Baltimore, MD)",37,37
Fort Worth Star-Telegram,37,37
"KCAL-TV (Los Angeles, CA)",37,37
"WLWT-TV (Cincinnati, OH)",37,37
"KYW-AM (Philadelphia, PA)",37,37
"WCCB-TV (Charlotte, NC)",37,37
News 12 New Jersey,37,37
"WMTV-TV (Madison, WI)",36,36
La Opinion,36,36
"WBRC-TV (Birmingham, AL)",36,36
"KTVB-TV (Boise, ID)",36,36
"KTXL-TV (Sacramento, CA)",36,36
"KSTU-TV (Salt Lake City, UT)",36,36
"WSPA-TV (Spartanburg, SC)",35,35
"KOVR-TV (Sacramento, CA)",35,35
Asbury Park Press,35,35
"WTAE-TV (Pittsburgh, PA)",35,35
Houston Chronicle,35,35
Telegram & Gazette,35,35
Women's Health,35,35
"WGHP-TV (High Point, NC)",35,35
Town & Country,35,35
Staten Island Advance,35,35
"KFOR-TV (Oklahoma City, OK)",35,35
"KYTV-TV / KSPR-TV (Springfield, MO)",35,35
"WCSC-TV (Charleston, SC)",35,35
"WSMV-TV (Nashville, TN)",35,35
"WVUE-TV (New Orleans, LA)",35,35
Cheddar News,34,34
"KWCH-TV (Wichita, KS)",34,34
Daily Kos,34,34
"WKRG-TV (Mobile, AL)",34,34
The Intercept,34,34
HYPEBEAST,34,34
Crain's Chicago Business,34,34
Sarasota Herald-Tribune,34,34
"WLKY-TV (Louisville, KY)",34,34
The Daily Dot,34,34
"KOB-TV (Albuquerque, NM)",34,34
Reason,34,34
Bloomberg Tax,34,34
"KHON-TV (Honolulu, HI)",34,34
"WTEN-TV (Albany, NY)",34,34
"WREG-TV (Memphis, TN)",33,33
"WYFF-TV (Greenville, SC)",33,33
"KIRO-TV (Seattle, WA)",33,33
"WGRZ-TV (Buffalo, NY)",33,33
Industry Dive,33,33
"WOWT-TV (Omaha, NE)",33,33
The Toledo Blade,33,33
"WVEC-TV (Norfolk, VA)",33,33
"WKBW-TV (Buffalo, NY)",33,33
Scranton Times-Tribune,33,33
Eater,33,33
Engadget,33,33
Kiplinger,33,33
"WNJU-TV (New York, NY)",33,33
Men's Health,33,33
"The Gazette (Colorado Springs, CO)",33,33
Dazed Magazine,33,33
"KOKI-TV (Tulsa, OK)",33,33
"KOIN-TV (Portland, OR)",33,33
The Kitchn,33,33
"WHNT-TV (Huntsville, AL)",33,33
Oregon Public Broadcasting,33,33
"WISN-TV (Milwaukee, WI)",33,33
"WFXT-TV (Boston, MA)",33,33
"KGMB-TV (Honolulu, HI)",32,32
Investor's Business Daily,32,32
"WIBW-TV (Topeka, KS)",32,32
Golf Digest,32,32
"KVEA-TV (Universal City, CA)",32,32
"KSNV-TV (Las Vegas, NV)",32,32
"WMAR-TV (Baltimore, MD)",32,32
"WIAT-TV (Birmingham, AL)",32,32
"Spectrum News 1 (Milwaukee, WI)",32,32
"WKOW-TV (Madison, WI)",32,32
"WDBJ-TV (Roanoke, VA)",32,32
"WVLT-TV (Knoxville, TN)",32,32
Byrdie,32,32
The Daily Wire,32,32
"KOCO-TV (Oklahoma City, OK)",32,32
"WBNS-TV (Columbus, OH)",31,31
Well+Good,31,31
"KFSN-TV (Fresno, CA)",31,31
"WCAX-TV (Burlington, VT)",31,31
"WBAY-TV (Green Bay, WI)",31,31
The New Republic,31,31
"KSEE-TV (Fresno, CA)",31,31
Investopedia,31,31
"WSLS-TV (Roanoke, VA)",31,31
"WLOX-TV (Biloxi, MS)",31,31
The Forward,31,31
El Diario Nueva York,30,30
"KCRG-TV (Cedar Rapids, IA)",30,30
"KSNT-TV (Topeka, KS)",30,30
"KOLN/KGIN-TV (Lincoln, NE)",30,30
"KESQ-TV (Thousand Palms, CA)",30,30
"Spectrum News 1 (Louisville, Kentucky)",30,30
"WJHL-TV (Johnson City, TN)",30,30
"WWBT-TV (Richmond, VA)",30,30
"KATU-TV (Portland, OR)",30,30
"WBIR-TV (Knoxville, TN)",30,30
"WUOM-FM (Ann Arbor, MI)",30,30
"WCIV-TV (Mount Pleasant, SC)",30,30
Hartford Courant,30,30
"WAFB-TV (Baton Rouge, LA)",30,30
"WNYT-TV (Albany, NY)",30,30
Fort Myers News-Press,30,30
Lincoln Journal Star,30,30
"WLOS-TV (Asheville, NC)",30,30
"WAFF-TV (Huntsville, AL)",30,30
The Journal News,30,30
Duluth News Tribune,30,30
"WGNO-TV (New Orleans, LA)",30,30
Money,30,30
"WUPL-TV (New Orleans, LA)",30,30
Foreign Policy Magazine,29,29
"WVTM-TV (Birmingham, AL)",29,29
Yahoo News,29,29
"WXII-TV (Winston Salem, NC)",29,29
"WSAW-TV (Wausau, WI)",29,29
"WBRZ-TV (Baton Rouge, LA)",29,29
"Sun Journal (Lewiston, ME)",29,29
Los Angeles Daily News,29,29
Business of Fashion (BOF),29,29
Tallahassee Democrat,29,29
"WWLP-TV (Chicopee, MA)",29,29
Anchorage Daily News,29,29
Runner's World,29,29
American Banker,29,29
"KUT-FM (Austin, TX)",29,29
Quartz,29,29
The Day,29,29
Popular Science,29,29
Seven Days,28,28
Transport Topics,28,28
"WKYT-TV (Lexington, KY)",28,28
Bloomberg Government,28,28
HGTV,28,28
Gizmodo,28,28
"WBOC-TV (Salisbury, MD)",28,28
"WMBF-TV (Myrtle Beach, SC)",28,28
MPR News,28,28
PopMatters,28,28
"KTHV-TV (Little Rock, AR)",28,28
"KSL-AM (Salt Lake City, UT)",28,28
The State,28,28
"WFIE-TV (Evansville, IN)",28,28
"WHNS-TV (Greenville, SC)",28,28
TMZ,28,28
"KSNW-TV (Wichita, KS)",28,28
News-Press Now,28,28
"KKTV-TV (Colorado Springs, CO)",27,27
"KCCI-TV (Des Moines, IA)",27,27
"KMIZ-TV (Columbia, MO)",27,27
"WTVG-TV (Toledo, OH)",27,27
"WBOY-TV (Clarksburg, WV)",27,27
"WZTV-TV (Nashville, TN)",27,27
"KUSI-TV (San Diego, CA)",27,27
Allure,27,27
Missoulian,27,27
Morningstar,27,27
"WHBQ-TV (Memphis, TN)",27,27
"WLUK-TV (Green Bay, WI)",27,27
Santa Fe New Mexican,27,27
Florida Today,27,27
Tablet Magazine,27,27
"WLUC-TV (Negaunee, MI)",27,27
"KABB-TV (San Antonio, TX)",27,27
"WTVA-TV (Tupelo, MS)",27,27
Paste Magazine,27,27
Marie Claire,26,26
Northeast Mississippi Daily Journal,26,26
FreightWaves,26,26
Santa Barbara Independent,26,26
NJTV,26,26
"WBTW-TV (Myrtle Beach, SC)",26,26
Taste Of Home,26,26
"The News-Gazette (Champaign, IL)",26,26
"WHEC-TV (Rochester, NY)",26,26
Honolulu Civil Beat,26,26
CBS,26,26
Idaho Statesman,26,26
Akron Beacon Journal,26,26
The Times of Northwest Indiana,26,26
"WHO-TV (Des Moines, IA)",26,26
Providence Journal,26,26
5280 Magazine,25,25
"KEYT-TV (Santa Barbara, CA)",25,25
"WLTX-TV (Columbia, SC)",25,25
Roanoke Times,25,25
Columbia Missourian,25,25
Post-Bulletin,25,25
The Commercial Appeal,25,25
"KOLO-TV (Reno, NV)",25,25
"WTTW-TV (Chicago, IL)",25,25
"KTUL-TV (Tulsa, OK)",25,25
"KLFY-TV (Lafayette, LA)",25,25
"KJRH-TV (Tulsa, OK)",25,25
"KITV-TV (Honolulu, HI)",25,25
The News Journal (Delaware Online),25,25
The Morning Call,25,25
The Federalist,25,25
New Hampshire Public Radio,25,25
"WATE-TV (Knoxville, TN)",25,25
New Hampshire Union Leader,25,25
"KOAT-TV (Albuquerque, NM)",25,25
The Daily Gazette,25,25
"WLRN-FM (Miami, FL)",25,25
"KXLY-TV (Spokane, WA)",25,25
"WTVH-TV (Syracuse, NY)",25,25
Harper's Magazine,25,25
Highsnobiety,25,25
Jacobin,24,24
"KSBW-TV (Salinas, CA)",24,24
VentureBeat,24,24
"KTTC-TV (Rochester, MN)",24,24
Consequence,24,24
Quad-City Times,24,24
"WITN-TV (Greenville, NC)",24,24
"WALA-TV (Mobile, AL)",24,24
Spectrum News Charlotte,24,24
Fresno Bee,24,24
Miami New Times,24,24
FiveThirtyEight,24,24
"WCBD-TV (Mount Pleasant, SC)",24,24
"WSET-TV (Lynchburg, VA)",24,24
Gothamist,24,24
The Lewiston Tribune,24,24
Tribune Democrat,24,24
"WBKO-TV (Bowling Green, KY)",24,24
Westword,24,24
NowThis,24,24
Wichita Eagle,24,24
the Grio,24,24
"KOLD-TV (Tucson, AZ)",23,23
The Journal Gazette,23,23
Chicago Reader,23,23
"KARK-TV (Little Rock, AR)",23,23
Observer,23,23
"KIFI-TV (Idaho Falls, ID)",23,23
"KOKH-TV (Oklahoma City, OK)",23,23
"WANE-TV (Fort Wayne, IN)",23,23
"WHYY-FM (Philadelphia, PA)",23,23
"KSLA-TV (Shreveport, LA)",23,23
"WTVC-TV ABC (Chattanooga, TN)",23,23
Ars Technica,23,23
Reading Eagle,23,23
Discovery Channel,23,23
"KPLC-TV (Lake Charles, LA )",23,23
Winston-Salem Journal,23,23
Morning Consult,23,23
The Herald Bulletin,23,23
The Daytona Beach News-Journal,23,23
"WBBM-AM (Chicago, IL)",23,23
TCPalm,23,23
"WEAU-TV (Eau Claire, WI)",23,23
"WFAN-FM (New York, NY)",23,23
"WESA-FM (Pittsburgh, PA)",23,23
Florida Times-Union,22,22
Crain's Detroit Business,22,22
Spectrum News Central NC,22,22
"KLKN-TV (Lincoln, NE)",22,22
Connecticut Post,22,22
Washingtonian,22,22
"WTRF-TV (Wheeling, WV)",22,22
"KERO-TV (Bakersfield, CA)",22,22
Vail Daily,22,22
"KTVQ-TV (Billings, MT)",22,22
Democrat and Chronicle,22,22
Charleston Gazette-Mail,22,22
MinnPost,22,22
The Canton Repository,22,22
"WYMT-TV (Hazard, KY)",22,22
Las Vegas Sun,22,22
Shelby County Reporter,22,22
"KMEX-TV (Los Angeles, CA)",22,22
The Week Magazine (US),22,22
"KMPH-TV (Fresno, CA)",22,22
News 12 Connecticut,22,22
Pantagraph,22,22
"WNDU-TV (South Bend, IN)",22,22
Billings Gazette,22,22
"KTEN-TV (Denison, TX)",22,22
"WSYR-TV (East Syracuse, NY)",22,22
"WROC-TV (Rochester, NY)",22,22
"KJZZ-FM (Phoenix, AZ)",21,21
Bicycling Magazine,21,21
"WOWK-TV (Charleston, WV)",21,21
"WLBT-TV (Jackson, MS)",21,21
"WEHT-TV (Henderson, KY)",21,21
"WAAY-TV (Huntsville, AL)",21,21
"WABI-TV (Bangor, ME)",21,21
"WABE-FM (Atlanta, GA)",21,21
"KDKA-FM (Pittsburgh, PA)",21,21
"WCHS-TV (Charleston, WV)",21,21
"WHIO-TV (Dayton, OH)",21,21
WDET-FM (Detroit MI),21,21
"KRCR-TV (Redding/Chico, CA)",21,21
"KMAX-TV (West Sacramento, CA)",21,21
SELF Magazine,21,21
"WILX-TV (Lansing, MI)",21,21
"WRGB-TV (Albany, NY)",21,21
"WSB-AM (Atlanta, GA)",21,21
"KTIV-TV (Sioux City, IA)",21,21
"WMTW-TV (Auburn, ME)",21,21
Iowa Public Radio,20,20
Golf Magazine,20,20
"KTBS-TV (Shreveport, LA)",20,20
"WKBT-TV (La Crosse, WI)",20,20
"KREM-TV (Spokane, WA)",20,20
"KSBY-TV (San Luis Obispo, CA)",20,20
"WCBS-AM (New York, NY)",20,20
"WSFA-TV (Montgomery, AL)",20,20
"WETM-TV (Elmira, NY)",20,20
"WKXW-FM (Ewing, NJ)",20,20
Pensacola News Journal,20,20
"WIS-TV (Columbia, SC)",20,20
Observer-Reporter,20,20
"WXTV-TV (Teaneck, NJ)",20,20
"WCBI-TV (Columbus, MS)",20,20
"KBAK-TV (Bakersfield, CA)",20,20
"WBZ-AM (Boston, MA)",20,20
Jalopnik,20,20
South Bend Tribune,20,20
"WAPT-TV (Jackson, MS)",20,20
"KAAL-TV (Austin, MN)",19,19
"WABC-AM (New York, NY)",19,19
"KXLN-TV (Houston, TX)",19,19
"KXL-FM (Portland, OR)",19,19
Georgia Public Broadcasting,19,19
"KAKE-TV (Wichita, KS)",19,19
CleanTechnica,19,19
Nashville Scene,19,19
"KGUN-TV (Tucson, AZ)",19,19
The Cap Times,19,19
The Blaze,19,19
"KFSM-TV (Fort Smith, AR)",19,19
"WCYB-TV (Bristol, VA)",19,19
The Herald Dispatch,19,19
KTOO Public Media,19,19
Oakland Press,19,19
The Hampshire Review,19,19
"KATC-TV (Lafayette, LA)",19,19
"WNEM-TV (Saginaw, MI)",19,19
Spectrum News Austin,19,19
"WHAM-TV (Rochester, NY)",18,18
"WTOK-TV (Meridian, MS)",18,18
Texas Public Radio (TPR),18,18
Greensboro News & Record,18,18
"KOA-AM (Denver, CO)",18,18
"WBAL-AM (Baltimore, MD)",18,18
Savannah Morning News,18,18
The Post-Crescent,18,18
"WVNY-TV (Colchester, VT)",18,18
Maine Public Broadcasting Network,18,18
Erie Times-News,18,18
RealClear Politics,18,18
"KSTS-TV (San Jose, CA)",18,18
Daily Item,18,18
"WXPN-FM (Philadelphia, PA)",18,18
"WTMJ-AM (Milwaukee, WI)",18,18
"KTAZ-TV (Phoenix, AZ)",18,18
The Greenville News,18,18
Citizens Voice,18,18
Idaho Press,18,18
"KKCO-TV (Grand Junction, CO)",18,18
Grand Island Independent,18,18
"WJR-AM (Detroit, MI)",18,18
"WFPL-FM (Louisville, KY)",18,18
Asheville Citizen Times,18,18
The Shreveport Times,17,17
"KTAR-FM (Phoenix, AZ)",17,17
"WWNO-FM (New Orleans, LA)",17,17
"KTVN-TV (Reno, NV)",17,17
"KRNV-TV (Reno, NV)",17,17
"KPCW-FM (Salt Lake City, UT)",17,17
The Jewish Chronicle,17,17
The Press-Enterprise,17,17
"WKTV-TV (Utica,NY)",17,17
"KALB-TV (Alexandria, LA)",17,17
"KVOA-TV (Tucson, AZ)",17,17
"KSWO-TV (Lawton, OK)",17,17
Bucks County Courier Times,17,17
The Drive,17,17
"KRLD-AM (Dallas, TX)",17,17
Decatur Daily,17,17
"WACH-TV (Columbia, SC)",17,17
The Chronicle Telegram,17,17
The Current,17,17
"WGME-TV (Portland, ME)",17,17
Daily Camera,17,17
"WBZ-FM (Boston, MA)",17,17
"KHBS/KHOG-TV (Fort Smith, AR)",17,17
"WOLO-TV (Columbia, SC)",17,17
Atlanta Business Chronicle,17,17
The Christian Post,17,17
Kennebec Journal,17,17
"KATV-TV (Little Rock, AR)",17,17
"The Daily Times (Maryville, TN)",17,17
EatingWell,17,17
"WMAZ-TV (Macon, GA)",17,17
The Washington Free Beacon,16,16
"WBGO-FM (Newark, NJ)",16,16
Epicurious,16,16
idobi Radio,16,16
"WWJ-AM (Detroit, MI)",16,16
"KRLD-FM (Dallas, TX)",16,16
"KWWL-TV (Waterloo, IA)",16,16
"Spectrum News 1 (San Antonio, Texas)",16,16
The Bulwark,16,16
Green Bay Press-Gazette,16,16
San Francisco Business Times,16,16
The American Prospect,16,16
"KIVI-TV (Nampa, ID)",16,16
"Daily Press (Newport News, VA)",16,16
Religion News Service,16,16
The Aspen Times,16,16
"WXOW-TV (La Crosse, WI)",16,16
Iowa Public Television,16,16
"KHPR-FM (Honolulu, HI)",16,16
The Island Packet,16,16
Lansing State Journal,16,16
"Telegraph Herald (Dubuque, Iowa)",16,16
"WLS-AM (Chicago, IL)",16,16
"WINS-AM (New York, NY)",16,16
Keene Sentinel,16,16
Defense News,16,16
"WWMT-TV (Kalamazoo, MI)",16,16
Newsmax TV,16,16
New Haven Register,16,16
"WDAM-TV (Moselle, MS)",16,16
"KMTV-TV (Omaha, NE)",16,16
The Plain Dealer,16,16
TimesDaily,16,16
NBC Sports Chicago,16,16
The Diplomat Magazine,16,16
"KHGI-TV (Kearney, NE)",15,15
"KBZK-TV (Bozeman, MT)",15,15
"WSCR-AM (Chicago, IL)",15,15
Mediaite,15,15
The Anniston Star,15,15
Orlando Weekly,15,15
Dispatch Argus,15,15
"WOSU-FM (Columbus, OH)",15,15
Democracy Now!,15,15
Kokomo Tribune,15,15
West Central Tribune,15,15
Meriden Record Journal,15,15
Military.com,15,15
"WSCI-FM (Charleston, SC)",15,15
Traverse City Record-Eagle,15,15
Road & Track,15,15
Deadspin,15,15
"WJTV-TV (Jackson, MS)",15,15
Christianity Today,15,15
Memphis Flyer,15,15
Joplin Globe,15,15
The Lima News,15,15
"WLW-AM (Cincinnati, OH)",15,15
Autoweek,15,15
"WDIO-TV (Duluth, MN)",15,15
"WQHT-FM (New York, NY)",15,15
"WSKG-TV (Vestal, NY)",15,15
Food52,15,15
The News & Advance,15,15
Journal Inquirer,15,15
Messenger Inquirer,15,15
The Clarion-Ledger,15,15
Phoenix New Times,15,15
WOI-TV,15,15
Spectrum News Triad,15,15
The Bakersfield Californian,15,15
"KPAX-TV (Missoula, MT)",15,15
Herald & Review,15,15
The Parkersburg News & Sentinel,15,15
Serious Eats,15,15
"KRTV-TV (Great Falls, MT)",15,15
"KGET-TV (Bakersfield, CA)",15,15
The Spectrum & Daily News,14,14
Fashionista,14,14
"WBNS-FM (Columbus, OH)",14,14
"The Republican (Springfield, MA)",14,14
"WZGC-FM (Atlanta, GA)",14,14
Sioux City Journal,14,14
American Public Media,14,14
"WPHL-TV (Philadelphia, PA)",14,14
Evansville Courier & Press,14,14
"KULR-TV (Billings, MT)",14,14
"WNCF-TV (Montgomery, AL)",14,14
Riverfront Times,14,14
Bluefield Daily Telegraph,14,14
"KBBI-AM (Homer, AK)",14,14
"KLRT-TV (Little Rock, AR)",14,14
"WJRT-TV (Flint, MI)",14,14
The Greeneville Sun,14,14
CQ Roll Call,14,14
National Journal,14,14
NBC Sports Philadelphia,14,14
Johnson City Press,14,14
Nevada Appeal,14,14
"KMVP-FM (Phoenix, AZ)",14,14
Phoenix Business Journal,14,14
"KAIT-TV (Jonesboro, AR)",14,14
Out Magazine,14,14
The Daily lowan,14,14
"WCCO-AM (Minneapolis, MN)",14,14
"KION-TV (Salinas, CA)",14,14
Bowling Green Daily News,14,14
Jefferson City News Tribune,14,14
Mississippi Public Broadcasting,14,14
Relevant Radio,14,14
"WVXU-FM (Cincinnati, OH)",13,13
The New Stack,13,13
Fairbanks Daily News-Miner,13,13
The Southern Illinoisan,13,13
Common Dreams,13,13
"WXYT-FM (Detroit, MI)",13,13
Willamette Week,13,13
"Times Leader (Wilkes-Barre, PA)",13,13
Grazia USA,13,13
La Noticia,13,13
Health,13,13
The Brunswick News,13,13
Brainerd Dispatch,13,13
Helena Independent Record,13,13
"WXXV-TV (Gulfport, MS)",13,13
"WGGB-TV (Springfield, MA)",13,13
Milwaukee Business Journal,13,13
"WWL-AM/FM (New Orleans, LA)",13,13
Norfolk Daily News,13,13
SPIN,13,13
Springfield News-Leader,13,13
"WUWM-FM (Milwaukee, WI)",13,13
Kingsport Times-News,13,13
Summit Daily News,13,13
"KBLR-TV (Las Vegas, NV)",13,13
303 Magazine,13,13
Portland Tribune,13,13
America's Test Kitchen,13,13
The Manual,13,13
City & State NY,13,13
"WYMS-FM (Milwaukee, WI)",13,13
Boise State Public Radio,13,13
Lehigh Valley Live,13,13
Puget Sound Business Journal,13,13
Jezebel,13,13
"WPEN-FM (Bala Cynwyd, PA)",13,13
Food Network Magazine,13,13
Mixmag,13,13
"WPDE-TV (Conway, SC)",13,13
Upgraded Points,13,13
National Catholic Reporter,13,13
"KCET-TV (Burbank, CA)",13,13
Saveur,12,12
Capital Gazette,12,12
The Charleston City Paper,12,12
Stamford Advocate,12,12
Steamboat Pilot & Today,12,12
Macomb Daily,12,12
Belleville News-Democrat,12,12
Agri-Pulse,12,12
Morning Sentinel,12,12
Montana Standard,12,12
Park Record,12,12
Boston Business Journal,12,12
"WKDZ-FM (Cadiz, KY)",12,12
Peoria Journal Star,12,12
Philadelphia Daily News,12,12
South Florida Business Journal,12,12
"WHO-AM (Des Moines, IA)",12,12
The Newnan Times-Herald,12,12
Mundo Hispanico,12,12
Buffalo Business First,12,12
Autoblog,12,12
"WXXI-TV (Rochester, NY)",12,12
Kenosha News,12,12
"KILT-AM (Houston, TX)",12,12
Cincinnati Business Courier,12,12
"WVVA-TV (Bluefield, WV)",12,12
"KSNB-TV (Hastings, NE)",12,12
Journal-News,12,12
Defense One,12,12
"KUAT-TV (Tucson, AZ)",12,12
"WBAP-AM (Dallas, TX)",12,12
Centre Daily Times,12,12
"WDTV-TV (Bridgeport, WV)",12,12
"KTCK-AM (Dallas, TX)",12,12
The Stranger,12,12
"KRMG-FM (Tulsa, OK)",12,12
The Waterloo-Cedar Falls Courier,12,12
Wyoming Tribune Eagle,12,12
The Root,12,12
Government Executive,11,11
San Antonio Business Journal,11,11
"KUER-FM (Salt Lake City, UT)",11,11
Montgomery Advertiser,11,11
The Washington Blade,11,11
"KERA-FM (Dallas, TX)",11,11
The Advocate Magazine,11,11
"WLTV-TV (Miami, FL)",11,11
The Herald-Times,11,11
Southeast Missourian,11,11
"KSAZ-TV (Phoenix, AZ)",11,11
"WHIO-AM (Dayton, OH)",11,11
Talking Points Memo,11,11
Portland Business Journal,11,11
The Michigan Daily,11,11
"KTVH-TV (Helena, MT)",11,11
The Marietta Daily Journal,11,11
The Telegraph (Macon),11,11
"KTSF-TV (Brisbane, CA)",11,11
Daily Northwestern,11,11
Daily Herald (Provo Utah),11,11
Shepherd Express,11,11
The State Journal-Register,11,11
Burlington County Times,11,11
Clash,11,11
Mankato Free Press,11,11
Valley News,11,11
"The Daily Record (Wooster, OH)",11,11
Houston Business Journal,11,11
The Pilot,11,11
The Daily Progress,11,11
"WSTM-TV (Syracuse, NY)",11,11
Flathead Beacon,11,11
Star-Herald,11,11
"WPOZ-FM (Altamonte Springs, FL)",11,11
"KBOI-TV (Boise, ID)",11,11
Topeka Capital-Journal,11,11
"WZDC-TV (Washington, DC)",11,11
Ebony,11,11
Nashville Business Journal,11,11
Triangle Business Journal,11,11
Fayetteville Observer,11,11
Federal News Network,11,11
Pinal Central,11,11
Altoona Mirror,10,10
Greenwich Time,10,10
Brattleboro Reformer,10,10
Columbus Business First,10,10
The Caledonian-Record,10,10
Punchbowl,10,10
Greeley Tribune,10,10
Philadelphia Business Journal,10,10
"WTMX-FM (Chicago, IL)",10,10
Travel Channel,10,10
Austin Business Journal,10,10
Rutland Herald,10,10
"KOSU-FM (Stillwater, Oklahoma)",10,10
The Dominion Post,10,10
"KTMY-FM (Minneapolis, MN)",10,10
Crooks and Liars,10,10
The Baffler,10,10
Post Independent,10,10
"KHSL-TV (Chico, CA)",10,10
Washington City Paper,10,10
"KIMT-TV (Mason City, IA)",10,10
Ames Tribune,10,10
The Times West Virginian,10,10
York News-Times,10,10
The Ellsworth American,10,10
The Coloradoan,10,10
"KCAU-TV (Sioux City, IA)",10,10
Reno Gazette-Journal,10,10
"WPMI-TV (Mobile, AL)",10,10
The Times and Democrat,10,10
Pittsburgh Business Times,10,10
Midland Daily News,10,10
"WYSO-FM (Dayton, OH)",10,10
Tampa Bay Business Journal,10,10
St. Louis American,10,10
"KUTX-FM (Austin, TX)",10,10
The Norwalk Hour,10,10
Charlotte Business Journal,10,10
The News-Enterprise,10,10
Spectrum News Coastal NC,10,10
Kentucky Sports Radio,10,10
Idaho Mountain Express,10,10
The Register-Guard,10,10
"WQXR-FM (New York, NY)",10,10
Philadelphia Tribune,10,10
Daily Independent,10,10
St. Louis Business Journal,10,10
Idaho State Journal,10,10
Casper Star-Tribune,10,10
"KTVW-TV (Phoenix, AZ)",10,10
"KTVZ-TV (Bend, OR)",10,10
Diario las Americas,10,10
The Ledger,10,10
Loveland Reporter-Herald,10,10
"WXTU-FM (Philadelphia, PA)",9,9
Bless You Boys,9,9
The American Conservative,9,9
"Herald Journal (Logan, UT)",9,9
"WMMR-FM (Philadelphia, PA)",9,9
Spectrum News 1 Worcester,9,9
"WDVE-FM (Pittsburgh, PA)",9,9
KMA Radio,9,9
Moscow Pullman Daily News,9,9
Salt Lake City Weekly,9,9
Arizona Daily Sun,9,9
"KRWG-TV (Las Cruces, NM)",9,9
"WKTU-FM (New York, NY)",9,9
Arkansas Times,9,9
Retail Dive,9,9
"The Daily Courier (Prescott, AZ)",9,9
StarNews,9,9
"KNPR-FM (Las Vegas, NV)",9,9
Orlando Business Journal,9,9
"WOGL-FM (Philadelphia, PA)",9,9
"The Daily Independent (Ashland, KY)",9,9
Fremont Tribune,9,9
"KNSI-FM (St. Cloud, MN)",9,9
KNUJ (AM),9,9
"KNWN-AM (Seattle, WA)",9,9
"WVNS-TV (Ghent, WV)",9,9
"KBJR-TV (Duluth, MN)",9,9
"WRTI-FM (Philadelphia, PA)",9,9
Kane County Chronicle,9,9
"WAGM-TV (Presque Isle, ME )",9,9
"KDKA-AM (Pittsburgh, PA)",9,9
The Desert Review,9,9
"KAKW-TV (Austin, TX)",9,9
"WKYS-FM (Washington, DC)",9,9
Cape May County Herald,9,9
Hickory Daily Record,9,9
Birmingham Business Journal,9,9
Daily Local News,9,9
Montana Public Radio,9,9
AL DIA News,9,9
"KFAN-FM (Minneapolis, MN)",9,9
"KFYI-AM (Phoenix, AZ)",9,9
Louisville Business First,9,9
"KTRH-AM (Houston, TX)",9,9
Albany Business Review,9,9
"KFXX-AM (Portland, OR)",9,9
KCAW Radio,9,9
Cut Bank Pioneer Press,9,9
"KGAN-TV (Cedar Rapids, IA)",9,9
Lawrence Journal-World,9,9
"WXRT-FM (Chicago, IL)",9,9
The Sumter Item,9,9
"WOR-AM (New York, NY)",9,9
"WBHM-FM (Birmingham, AL)",9,9
Memphis Business Journal,9,9
"WOKV-FM (Jacksonville, FL)",9,9
Bozeman Daily Chronicle,9,9
"WSFL-TV (Ft Lauderdale, FL)",9,9
"KMIR-TV (Palm Desert, CA)",9,9
The Kim Komando Show,9,9
"The Herald-Journal (Spartanburg, SC)",9,9
Denver Business Journal,9,9
"WSHM-TV (Springfield, MA)",9,9
The Journal Times,9,9
"WGBO-TV (Chicago, IL)",8,8
North Platte Telegraph,8,8
Cook's Illustrated,8,8
"WGCI-FM (Chicago, IL)",8,8
The Sun News,8,8
The Manhattan Mercury,8,8
"WFSH-FM (Atlanta, GA)",8,8
RedState,8,8
"WOBM-FM (Toms River, NJ)",8,8
Pacific Business News,8,8
The State News,8,8
Concord Monitor,8,8
Tuscaloosa News,8,8
Inside Health Policy,8,8
Standard-Examiner,8,8
The Daily Journal,8,8
"WVTF-FM (Roanoke, VA)",8,8
Beaver County Times,8,8
"WTMD-FM (Towson, MD)",8,8
The Post-Star,8,8
"WXKS-FM (Boston, MA)",8,8
Realtor.com,8,8
Dallas Business Journal,8,8
"WXBK-FM (New York,NY)",8,8
Holland Sentinel,8,8
Echo Press,8,8
Durango Herald,8,8
The Quietus,8,8
Tennis Magazine,8,8
One America News Network,8,8
The Reader,8,8
Columbia Daily Tribune,8,8
Monroe News,8,8
"WENY-TV (Horseheads, NY)",8,8
"KUHF-FM (Houston, TX)",8,8
The Cullman Tribune,8,8
"WBNG-TV (Johnson City, NY)",8,8
"WBLS-FM (New York, NY)",8,8
Leader-Telegram,8,8
"The Times Herald (Port Huron, MI)",8,8
The Index-Journal,8,8
"WKRK-FM (Cleveland, OH)",8,8
"WGTS-FM (Rockville, MD)",8,8
The Santa Clarita Valley Signal,8,8
Las Vegas Weekly,8,8
"The Times (Gainesville, GA)",8,8
"WHMI-FM (Livingston, MI)",8,8
"WKSU-FM (Kent, OH)",8,8
Grand Junction Daily Sentinel,8,8
"KUCB-FM (Unalaska, AK)",8,8
"KSFC-FM (Spokane, WA)",8,8
Sandy Journal,8,8
"WVEE-FM (Atlanta, GA)",8,8
Sun Herald,8,8
Mondoweiss,8,8
Times-News (Idaho),8,8
ShopHQ,8,8
Rome News-Tribune,8,8
American Press,8,8
Citizen Tribune,8,8
"WIYY-FM (Baltimore, MD)",8,8
Wyoming News Now,8,8
"Daily Journal (Park Hills, MO)",8,8
Gaston Gazette,8,8
The Commercial Dispatch,8,8
Daily Pilot,8,8
Mid-Atlantic Sports Network (MASN),8,8
Gillette News Record,8,8
"WMGK-FM (Bala Cynwyd, PA)",8,8
Richmond Register,8,8
"WTAP-TV (Parkersburg, WV)",8,8
"KNOE-TV (Monroe, LA)",8,8
Indy Week,8,8
Foreign Affairs,8,8
"WQAM-AM (Miami, FL)",8,8
Rock Hill Herald,8,8
The Citizen,7,7
Post Register,7,7
Commonwealth Journal,7,7
"WTVN-AM (Columbus, OH)",7,7
POLITICO Magazine,7,7
The Pueblo Chieftain,7,7
Athens Banner-Herald,7,7
Conway Daily Sun,7,7
"WBQT-FM (Boston, MA)",7,7
St. Clair Times,7,7
Kearney Hub,7,7
Air 1,7,7
"KDEN-TV (Denver, CO)",7,7
"KFBB-TV (Great Falls, MT)",7,7
Taos News,7,7
Alaska's News Source,7,7
Alton Telegraph,7,7
Texarkana Gazette,7,7
"WXPR-FM (Rhinelander, WI)",7,7
"WHAS-AM (Louisville, KY)",7,7
Explore Clarion,7,7
Santa Fe Reporter,7,7
"WHTZ-FM (New York, NY)",7,7
Zip06,7,7
"WLTW-FM (New York, NY)",7,7
"KBMX-FM (Duluth, MN)",7,7
KBMV-FM 107.1,7,7
Fleet Owner,7,7
"WUKY-FM (Lexington, KY)",7,7
Florence Morning News,7,7
Courier News,7,7
"WXNY-FM (New York, NY)",7,7
Corbin Times-Tribune,7,7
Faribault Daily News,7,7
Lake Geneva Regional News,7,7
Burlington Free Press,7,7
"KZZP-FM (Phoenix, AZ)",7,7
Detroit Metro Times,7,7
The Daily Nonpareil,7,7
Las Cruces Sun-News,7,7
"WICZ-TV (Vestal, NY)",7,7
"WKLH-FM (Milwaukee, WI)",7,7
Dothan Eagle,7,7
Leo Weekly,7,7
The Meridian Star,7,7
"KTVF-TV (Fairbanks, AK )",7,7
"WFBC-FM (Greenville, SC)",7,7
WFCR FM,7,7
Loudoun Times-Mirror,7,7
"WTUG-FM2 (Tuscaloosa, AL)",7,7
The Journal-Courier,7,7
"WKTN-FM (Kenton, OH)",7,7
"KRCB-TV (Rohnert Park, CA)",7,7
Bronx Times,7,7
Maryland Coast Dispatch,7,7
The State Press,7,7
Mason City Globe Gazette,7,7
Iowa City Press-Citizen,7,7
Journal & Courier,7,7
Mount Airy News,7,7
The Uganda Observer,7,7
"WKSC-FM (Chicago, IL)",7,7
"WFMD-AM (Frederick, MD)",7,7
The Intelligencer and Wheeling News Register,7,7
"The News Herald (Southgate, MI)",7,7
"WFMT-FM (Chicago, IL)",7,7
Petoskey News-Review,7,7
Forsyth County News,7,7
Columbus Ledger-Enquirer,7,7
"The Daily Advertiser (Lafayette, LA)",7,7
Carteret County News-Times,7,7
beIN SPORTS,7,7
Foster's Daily Democrat,7,7
"KNAU-FM (Flagstaff, AZ)",7,7
The News-Star,7,7
"KMVT-TV (Twin Falls, ID)",7,7
Statescoop,6,6
Cape Gazette,6,6
"WNCX-FM (Cleveland, OH)",6,6
The Philadelphia Gay News,6,6
"WUTR-TV (Utica, NY)",6,6
The Robesonian,6,6
SHAPE,6,6
"KXLF-TV (Butte, MT)",6,6
"WBJC-FM (Baltimore, MD)",6,6
Sentinel Echo,6,6
Cecil Whig,6,6
"WVII-TV (Bangor, ME)",6,6
"WHSV-TV (Harrisonburg, VA)",6,6
Sedalia Democrat,6,6
Mergers & Acquisitions,6,6
CyberScoop,6,6
"KTBY-TV (Anchorage, AK)",6,6
"KTAR-AM (Phoenix, AZ)",6,6
Middletown Press,6,6
"WBZZ-FM (Pittsburgh, PA)",6,6
"WHTA-FM (Atlanta, GA)",6,6
The Leaf-Chronicle,6,6
"WENJ-FM (Northfield, NJ)",6,6
The Pathway,6,6
Worthington Daily Globe,6,6
"WPCK-FM (Green Bay, WI)",6,6
Hutchinson News,6,6
The Star Press,6,6
"WKFR-FM (Kalamazoo, MI)",6,6
The Oak Ridger,6,6
"KTWO-AM (Casper, WY)",6,6
Emporia Gazette,6,6
KYUK,6,6
SW News Media,6,6
"WMBC-TV (West Caldwell, NJ)",6,6
"WUSN-FM (Chicago, IL)",6,6
"WYEP-FM (Pittsburgh, PA)",6,6
The Morning Sun,6,6
Ledger Independent,6,6
"KUVO-FM (Denver, CO)",6,6
Springfield Business Journal,6,6
Hartford Business Journal,6,6
"KDWB-FM (St. Louis Park, MN)",6,6
St. Albans Daily Messenger,6,6
El Diario de El Paso,6,6
Environmental Health News,6,6
Stereogum,6,6
Longmont Times-Call,6,6
"WEAA-FM (Baltimore, MD)",6,6
Jacksonville Business Journal,6,6
Norwich Bulletin,6,6
Midwest Messenger,6,6
"WRIF-FM (Detroit, MI)",6,6
The FADER,6,6
"WPST-FM (Princeton, NJ)",6,6
"WJLK-FM (Toms River, NJ)",6,6
Cody Enterprise,6,6
"WDOK-FM (Cleveland, OH)",6,6
WILK-AM (NewsRadio WILK ),6,6
"KOOL-FM (Phoenix, AZ)",6,6
"KALV-FM (Phoenix, AZ)",6,6
"WAMJ-FM (Atlanta, GA)",6,6
Northwest Florida Daily News,6,6
"KASA-TV (Albuquerque, NM)",6,6
WUBL-FM (Atlanta GA),6,6
"Daily Record (Parsippany, NJ)",6,6
The Daily Iberian,6,6
"KPTM-TV (Omaha, NE)",6,6
"WGBH-FM (Boston, MA)",6,6
"KNOP-TV (North Platte, NE )",6,6
KNOM-FM,6,6
Paducah Sun,6,6
"FOX Sports ( Cleaveland, Ohio)",6,6
"KLAQ-FM (El Paso, TX)",6,6
Pride of Detroit,6,6
"KNME-TV (Albuquerque, NM)",6,6
"WOMC-FM (Detroit, MI)",6,6
Powell Tribune,6,6
Columbus Telegram,6,6
Baton Rouge Business Report,6,6
"WIVT-TV (Binghamton, NY)",6,6
"WCBS-FM (New York, NY)",6,6
The Duke Chronicle,6,6
Williamson Herald,6,6
Navajo Times,6,6
"KSFI-FM (Salt Lake City, UT)",6,6
"KRCL-FM (Salt Lake City, UT)",6,6
"KSLX-FM (Phoenix, AZ)",6,6
Current Affairs,6,6
Murray Ledger & Times,6,6
Watauga Democrat,6,6
"KQRS-FM (Minneapolis, MN)",6,6
The Westerly Sun,6,6
"WAWZ-FM (Zarephath, NJ)",6,6
Rockford Register Star,6,6
NBC Sports Boston,6,6
"WOKQ-FM (Dover, NH)",6,6
KRSK-FM (P105.1 The Buzz ),6,6
Times Argus,6,6
Salisbury Post,6,6
The Paris Post-Intelligencer,5,5
The Jewish Standard,5,5
The Daily Home,5,5
Texas Farm Bureau,5,5
"WDHA-FM ( Morristown, NJ)",5,5
"WFMK-FM (Lansing, MI)",5,5
The Valley Breeze,5,5
The Town Talk,5,5
The Register-Herald,5,5
Utah Public Radio,5,5
"WINA-AM (Charlottesville, VA)",5,5
The Corry Journal,5,5
"WIXX-FM (Green Bay , WI)",5,5
The Journal,5,5
"WETA-TV (Arlington, VA)",5,5
The Statesville Record & Landmark,5,5
"WBSM-AM (Fairhaven, MA)",5,5
"WFPG-FM (Atlantic City, NJ)",5,5
The State Journal,5,5
"WOAY-TV (Oak Hill, WV)",5,5
"WBIG-FM (Rockville, MD)",5,5
"WJOX-FM (Birmingham, AL)",5,5
"WALR-FM (Atlanta, GA)",5,5
"WNNE-TV (White River Junction, VT)",5,5
"WFXB-TV (Myrtle Beach, SC)",5,5
The Daily Princetonian,5,5
"WETA-FM (Arlington, VA)",5,5
WFMU,5,5
The Arkansas Educational Television Network,5,5
"WBJB-FM (Lincroft, NJ)",5,5
"Watertown Daily Times (Watertown, WI)",5,5
The Daily News Journal,5,5
The Baxter Bulletin,5,5
The Catholic Spirit,5,5
"WLFJ-FM (Greenville, SC)",5,5
"WIOQ-FM (Bala Cynwyd, PA)",5,5
Montana Kaimin,5,5
Starkville Daily News,5,5
Payson Roundup,5,5
"KFTV-TV (Fresno, CA)",5,5
NorthWest Herald,5,5
"KFLR-FM (Tucson, AZ)",5,5
"KEEY-FM (St. Louis Park, MN)",5,5
"KECI-TV (Missoula, MT)",5,5
"KDTV-TV (San Francisco, CA)",5,5
Oprah Winfrey Network (OWN),5,5
Oshkosh Northwestern,5,5
"KCIM-AM (Carroll, IA)",5,5
KBOO-FM,5,5
"KBOI-AM (Boise, ID)",5,5
Los Alamos Daily Post,5,5
Pahrump Valley Times,5,5
"WRNJ-AM (Hackettstown, NJ)",5,5
Rio Grande Sun,5,5
KAWC-FM,5,5
Petersen's Hunting Magazine,5,5
"KAMX-FM (Austin, TX)",5,5
"WWFM-FM (Trenton, NJ)",5,5
International Trade Today,5,5
Inside U.S. Trade,5,5
Home Shopping Network (HSN),5,5
Hastings Tribune,5,5
Harford County Aegis,5,5
Hannibal Courier-Post,5,5
"WWPR-FM (New York, NY)",5,5
Ravalli Republic,5,5
Great Falls Tribune,5,5
"KGON-FM (Portland, OR )",5,5
"KGOU Radio (Oklahoma City, OK)",5,5
"KGVO-AM (Missoula,MT)",5,5
"KHAK-FM (Cedar Rapids, IA)",5,5
Livingston Daily Press & Argus,5,5
"WSIG-FM (Harrisonburg, VA)",5,5
Leader Publications (Missouri),5,5
"WSJO-FM (Northfield, NJ)",5,5
Maui Time,5,5
Mega TV,5,5
"KXNO-AM (Des Moines, IA)",5,5
"KWEN-FM (Tulsa, OK)",5,5
"KUNR-FM (Reno, NV)",5,5
"KUMU-FM (Honolulu, HI)",5,5
"KTIS-FM (Saint Paul, MN)",5,5
Monadnock Ledger-Transcript,5,5
Monett Times,5,5
"KTBZ-FM (Houston, TX)",5,5
Montclair Local,5,5
"KSKA-FM (Anchorage, AK)",5,5
"KROC-FM (Rochester, MN)",5,5
"KPVI-TV (Pocatello, ID)",5,5
"KPTS-TV (Wichita, KS)",5,5
"KPNT-FM (Cockeysville, MD)",5,5
"KOFY-TV (San Francisco, CA)",5,5
"KOCE-TV (Costa Mesa, CA)",5,5
Nevada Sports Net,5,5
"KMLE-FM (Phoenix, AZ)",5,5
New Jersey Hills Media Group,5,5
"KKLZ-FM (Las Vegas, NV)",5,5
"KIDK-TV (Idaho Falls, ID)",5,5
GazetteXtra,5,5
"KBFX-FM (Anchorage, AK)",5,5
"WYRD-FM (Greenville, SC)",5,5
Alaska Magazine,5,5
Bonner County Daily Bee,5,5
Seattle Daily Journal of Commerce,5,5
Bennington Banner,5,5
Dover Post,5,5
Sandusky Register,5,5
Daily Inter Lake,5,5
East Valley Tribune,5,5
Shelbyville Times-Gazette,5,5
Yellowstone Public Radio,5,5
Albuquerque Business First,5,5
Coastal Point,5,5
Clinton Herald,5,5
"Examiner (Independence, MO)",5,5
Explore Big Sky,5,5
Cleveland Scene,5,5
Rio Rancho Observer,5,5
Frankfort State Journal,5,5
Addison County Independent,5,5
Silver City Daily Press,5,5
Business Lexington,5,5
Alabama Public Radio,5,5
FedScoop,5,5
"KRSU-TV (Claremore, OK)",4,4
"KMXB-FM (Las Vegas, NV)",4,4
Uncut Magazine,4,4
"WKBU-FM (New Orleans, LA)",4,4
"KNBA-FM (Anchorage, AK)",4,4
"KSII-FM (El Paso, TX)",4,4
"KRXO-FM (Oklahoma City, OK)",4,4
The Valdosta Daily Times,4,4
"KOOP-FM (Hornsby, TX)",4,4
"KNSO-TV (Fresno, CA)",4,4
"KOPB-FM (Portland, OR)",4,4
"WTTA-TV (Tampa, FL)",4,4
"KQMT-FM (Denver, CO)",4,4
Boothbay Register,4,4
"Times Leader (Princeton, KY)",4,4
Yellowhammer News,4,4
"KSOS-FM (Las Vegas, NV)",4,4
Brookline TAB,4,4
Tofugu,4,4
"WKQX-FM (Chicago, IL)",4,4
Bluffton Today,4,4
Game And Fish Magazine,4,4
"KSTP-FM (Minneapolis, MN)",4,4
La Semana Del Sur,4,4
"WMGQ-FM (Somerset, NJ)",4,4
Litchfield Park/Goodyear Independent,4,4
"The Messenger (Madisonville, KY)",4,4
"WSJM-FM (Benton Harbor, MI)",4,4
The Mining Journal,4,4
Air Transport World,4,4
"WPFO-TV (Portland, ME)",4,4
Las Vegas Tribune,4,4
The Natchez Democrat,4,4
Lake Sun Leader,4,4
Laconia Daily Sun,4,4
Labor Notes,4,4
Albany Herald,4,4
"WLYF-FM (Miami, FL)",4,4
"WMTR-AM (Cedar Knolls, NJ)",4,4
"WSTR-FM (Atlanta, GA)",4,4
"KWYB-TV (Butte, MT)",4,4
"WSVA-AM (Harrisonburg, VA)",4,4
"KUPD-FM (Tempe, AZ)",4,4
"WLS-FM (Chicago, IL)",4,4
Bartlesville Radio,4,4
The Sentinel Colorado,4,4
The Sentinel-Record,4,4
The Sheridan Press,4,4
WORT-FM,4,4
"KUDD-FM (Salt Lake City, UT)",4,4
"WTVI-TV (Charlotte, NC)",4,4
betanews,4,4
Beatrice Daily Sun,4,4
Cleveland Daily Banner,4,4
"KMCI-TV (Kansas City, MO)",4,4
"WCDX-FM (Richmond, VA)",4,4
El Tiempo Las Vegas,4,4
El Tiempo Latino,4,4
Elko Daily Free Press,4,4
"KATH-TV (Juneau, AK)",4,4
Enterprise-Journal,4,4
"WDAS-FM (Philadelphia, PA)",4,4
"KAET-TV (Phoenix, AZ)",4,4
Juneau Empire,4,4
Journal Sun,4,4
"WWDC-FM (Washington, DC)",4,4
Iroquois County Time-Republic,4,4
"WHEB-FM (Portsmouth, NH)",4,4
"WNIR-FM (Akron, OH)",4,4
Idaho Public Television,4,4
Idaho Business Review,4,4
"WNEW-FM (New York, NY)",4,4
West Hawaii Today,4,4
FACT Magazine,4,4
Hawaii Tribune-Herald,4,4
"WGRD-FM (Grand Rapids, MI)",4,4
Fond du Lac Reporter,4,4
"WMYX-FM (Hales Corners, WI)",4,4
Greenville Journal,4,4
"WFIR-AM (Roanoke, VA)",4,4
Green Car Reports,4,4
"WMZQ-FM (Rockville, MD)",4,4
Garden Island Hawaii,4,4
"KAZT-TV (Prescott, AZ)",4,4
"WHUT-TV (Washington, DC)",4,4
"KLVX-TV (Las Vegas, NV)",4,4
"WIBA-AM (Madison, WI)",4,4
Valley Journal,4,4
"KLUV-FM (Dallas, TX)",4,4
"KLUC-FM (Las Vegas, NV )",4,4
"KLGR-AM (Redwood Falls, MN)",4,4
Gaming Today,4,4
"WOCL-FM (Longwood, FL)",4,4
Warren Times Observer,4,4
"KILT-FM (Houston, TX)",4,4
Washington Missourian,4,4
"KIDO-AM (Boise, ID)",4,4
"KHMX-FM (Houston, TX)",4,4
"KGPE-TV (Fresno, CA)",4,4
Coffee or Die Magazine,4,4
"WIZM-AM (La Crosse, WI)",4,4
"KFXO-TV (Bend, OR)",4,4
"WBBM-FM (Chicago, IL)",4,4
Commentary Magazine,4,4
WITF-FM,4,4
"WUTV-TV (Buffalo, NY)",4,4
"WBKR-FM (Owensboro, KY)",4,4
Danbury News-Times,4,4
"WVAZ-FM (Chicago, IL)",4,4
"WYCD-FM (Detroit, MI)",4,4
"KCTR-FM (Billings, MT)",4,4
"KCIX-FM (Boise, ID)",4,4
Detroit Bad Boys,4,4
DIY Network,4,4
Log Cabin Democrat,4,4
"KMCH-FM (Manchester, Iowa)",4,4
"WMJX-FM (Boston, MA)",4,4
Teton Valley News,4,4
"WPUR-FM (Northfield, NJ)",4,4
Rumba 100.3,4,4
"WPTE-FM (Virginia Beach, VA)",4,4
Register Citizen,4,4
Real Change,4,4
Radio Iowa,4,4
The Cheraw Chronicle & The Chesterfield Advertiser,4,4
Portland Phoenix,4,4
Philadelphia Weekly,4,4
The Herald-Chronicle,4,4
The Herald Times Reporter,4,4
"WROR-FM (Boston, MA)",4,4
Opelika-Auburn News,4,4
The Daily Pennsylvanian,4,4
The Daily Post-Athenian,4,4
The Gleaner,4,4
Nashua Telegraph,4,4
The Daily Telegram,4,4
The Forecaster,4,4
The Flint Journal,4,4
The Express-Times,4,4
"The Dispatch (Lexington, NC)",4,4
New Home Source,4,4
Seattle Gay News,4,4
ProFootballTalk,4,4
Southwest Times Record,4,4
"WQMP-FM (Orlando, FL)",4,4
Machias Valley News Observer,4,4
"WKIS-FM (Miami, FL)",3,3
Beaverton Valley Times,3,3
Ottumwa Courier,3,3
"WLMG-FM (New Orleans, LA)",3,3
"KCOY-TV (Santa Maria, CA)",3,3
"The Daily Leader (Brookhaven, MS)",3,3
"KDLG (Dillingham, AK)",3,3
"KDOT-FM (Reno, NV)",3,3
"KEET-TV (Eureka, CA)",3,3
The Daily Nebraskan,3,3
Pearland Journal,3,3
"WUVC-TV (Raleigh, NC)",3,3
Sugar Land Sun,3,3
"KESZ-FM (Phoenix, AZ)",3,3
"KEZJ-FM (Twin Falls, ID)",3,3
Arctic Today,3,3
"WCCT-TV (Hartford, CT)",3,3
"KBAQ-FM (Tempe, AZ)",3,3
Anoka County UnionHerald,3,3
"WCLK-FM (Atlanta, GA)",3,3
"WDRM-FM (Madison,  AL)",3,3
"WNLO-TV (Buffalo, NY)",3,3
Bemidji Pioneer,3,3
"WDLM-FM (East Moline, IL)",3,3
"WDJX-FM (Louisville, KY)",3,3
Jackson Free Press,3,3
Phelps County Focus,3,3
"The Courier (Houma, LA)",3,3
"The Courier (Russellville, AR)",3,3
"KAJM-FM (Phoenix, AZ)",3,3
"KALL-AM (Salt Lake City, UT)",3,3
"WPRB-FM (Princeton, NJ)",3,3
"WCTC-AM (Somerset, NJ)",3,3
"WCRZ-FM (Burton, MI)",3,3
"KAZQ-TV (Albuquerque, NM)",3,3
"KFTA-TV (Fort Smith, AR)",3,3
Alpena News,3,3
"WDSY-FM (Pittsburgh, PA)",3,3
Northwest Asian Weekly,3,3
"KIYU-FM (Galena, AK)",3,3
"WAKW-FM (Cincinnati, OH)",3,3
Wahoo Newspaper,3,3
"WAFX-FM (Chesapeake, VA)",3,3
Newton Daily News,3,3
"WTVY-FM (Dothan, AL)",3,3
The Dialog,3,3
"KKMJ-FM (Austin, TX)",3,3
"WQEN-FM (Birmingham, AL)",3,3
"WTVR-FM (Richmond, VA)",3,3
News4Nevada,3,3
Alaska Journal of Commerce,3,3
New York Business Journal,3,3
Statesboro Herald,3,3
"WMMM-FM (Madison, WI)",3,3
KIWA (AM),3,3
"WAMZ-FM (Louisville, KY)",3,3
"KINE-FM (Honolulu, HI)",3,3
"KHOW-AM (Denver, CO)",3,3
"WBCK-FM (Battle Creek, MI)",3,3
"The Daily Reporter (Milwaukee, WI)",3,3
The Daily Tar Heel,3,3
Northern Wyo. Daily News,3,3
"WAYV-FM (Atlantic City, NJ)",3,3
Wausau Daily Herald,3,3
Nice Kicks,3,3
"WAOK-AM (Atlanta, GA)",3,3
"WASH-FM (Rockville, MD)",3,3
"WQAL-FM (Cleveland, OH)",3,3
"WRVA-AM (Richmond, VA)",3,3
Spring Observer,3,3
War on the Rocks,3,3
"KINC-TV (Las Vegas, NV)",3,3
Superior Telegram,3,3
The Columbia Star,3,3
"WZID-FM (Manchester, NH)",3,3
Danville News,3,3
Winchester Sun,3,3
Dissent Magazine,3,3
Williamson Daily News,3,3
Wildfowl,3,3
"WIHT-FM (Rockville, MD)",3,3
EarthSky,3,3
Echo Newspaper,3,3
El Pregonero,3,3
"WKQQ-FM (Lexington, KY)",3,3
Elizabethton Star,3,3
"WHLW-FM (Montgomery, AL)",3,3
Saint Maries Gazette Record,3,3
"WXRV-FM (Haverhill, MA)",3,3
Ruston Daily Leader,3,3
Examiner Newspaper Group,3,3
Winona Daily News,3,3
"WKMS-FM (Murray, KY)",3,3
Intermountain Catholic,3,3
Wisconsin Rapids Daily Tribune,3,3
Carlsbad Current-Argus,3,3
Challis Messenger,3,3
Task & Purpose,3,3
Chicago Business Journal,3,3
Chronicle Transcript,3,3
Clearwater Tribune,3,3
"WJMN-FM (Boston, MA)",3,3
Sidney Herald,3,3
Columbia Daily Herald,3,3
Concordia Sentinel,3,3
Coolidge Examiner,3,3
County News Review,3,3
"WYLD-FM (New Orleans, LA)",3,3
"WKMK-FM (Neptune, NJ)",3,3
Custer County Chief,3,3
"WGTR-FM (Myrtle Beach, SC)",3,3
Riverton Ranger,3,3
"WGRB-AM (Chicago, IL)",3,3
Fly Fisherman,3,3
"WFFF-TV (Colchester, VT)",3,3
Gun Dog Magazine,3,3
Blazer's Edge,3,3
"KMOD-FM (Tulsa, OK)",3,3
Blaine-Spring Lake Park Life,3,3
Havre Daily News,3,3
"WWMX-FM (Baltimore, MD)",3,3
West Valley City Journal,3,3
Press & News,3,3
"WWLS-FM (Oklahoma City, OK)",3,3
"WENZ-FM (Cleveland, OH)",3,3
Powhatan Today,3,3
Weis Radio,3,3
Portsmouth Herald,3,3
SVI News,3,3
"WFHN-FM (Fairhaven, MA)",3,3
ReachMD,3,3
"WFIN-AM (Findlay, OH)",3,3
Rexburg Standard Journal,3,3
The Bay Area Citizen,3,3
Bristol Press,3,3
"WXDX-FM (Pittsburgh, PA)",3,3
Gadsden Times,3,3
Richfield Reaper,3,3
"WFVX-TV (Bangor, ME)",3,3
Gaylord Herald Times,3,3
"WPZE-FM (Atlanta, GA)",3,3
Georgetown News-Graphic,3,3
"WFOM-AM (Atlanta, GE)",3,3
Global Trade Magazine,3,3
Great Bend Tribune,3,3
Sneaker Bar Detroit (SBD),3,3
Reelz,3,3
New Hampshire Business Review,3,3
The Livingston Enterprise,3,3
"WTAQ-AM (Green Bay , WI)",3,3
"WSKY-FM (Gainesville, FL)",3,3
Thomasville Times-Enterprise,3,3
Lake County Leader,3,3
Metro Philadelphia,3,3
MOJO,3,3
Times-Georgian,3,3
The Statehouse News Bureau,3,3
The N'West Iowa REVIEW,3,3
"KWLM-AM (Willmar, MN)",3,3
"WSFS-FM (Miami, FL)",3,3
"WSHE-FM (Chicago, IL)",3,3
"KTOK-AM (Oklahoma City, OK)",3,3
"WSHK-FM (Dover, NH )",3,3
Tooele Transcript-Bulletin,3,3
"WSUS-FM (Franklin, NJ)",3,3
The International Examiner,3,3
KOIN News AM Extra,3,3
"KTUZ-FM (Oklahoma City, OK)",3,3
"KQQL-FM (Minneapolis, MN)",3,3
McDowell News,3,3
Total Beauty,3,3
The Jewish Exponent,3,3
The Oxford Eagle,3,3
The Pasadena Citizen,3,3
"WSRV-FM (Atlanta, GA)",3,3
"WSSL-FM (Greenville, SC)",3,3
The Pawtucket Times,3,3
The TRADE,3,3
The Gwinnett Daily Post,3,3
The Verde Independent,3,3
"KSAS-FM (Boise, ID)",3,3
Mount Desert Islander,3,3
The Jackson Advocate,3,3
The Hawk Eye,3,3
"KXLT-FM (Boise, ID)",3,3
The Post-Journal,3,3
The Newport Daily News,3,3
"WSAU-AM (Wausau , WI)",3,3
"KSVI-TV (Billings, MT)",3,3
The Real Deal by RetailMeNot,3,3
"WPOC-FM (Baltimore, MD)",3,3
"WOL-AM (Washington, D.C.)",3,3
Milwaukee Courier,3,3
"KVIL-FM (Dallas, TX)",3,3
The Red and Black,3,3
"KNIA-AM (Knoxville, IA)",3,3
Union-Times,3,3
Minnesota Daily,3,3
"KVEG-FM (Las Vegas, NV)",3,3
"KMXP-FM ( Phoenix, AZ)",3,3
New Britain Herald,3,3
"KVOO-FM (Tulsa, OK)",3,3
"WOLX-FM (Madison, WI)",3,3
"WPKO-FM (Bellefontaine, OH)",3,3
Lovell Chronicle,3,3
"KUVS-DT (Sacramento, CA)",3,3
The Maneater,3,3
"KNIX-FM (Phoenix, AZ)",3,3
UD Review,3,3
"KUED-TV (Salt Lake City, UT)",3,3
"WPOW-FM (Miami, FL)",3,3
Univision Radio,3,3
"WTDY-FM (Philadelphia, PA)",3,3
"KNRK-FM (Portland, OR )",3,3
"WTAT-TV (Charleston, SC)",3,3
Lincoln County News,3,3
"KNOW-FM (St. Paul, MN)",3,3
TUDN USA,3,3
"KUUU-FM (Salt Lake City, UT)",3,3
The Korea Daily,3,3
"KVCR-TV (San Bernardino, CA)",3,3
"KXNT-AM (Las Vegas, NV)",2,2
El Defensor Chieftain,2,2
"WXXA-TV (Albany, NY)",2,2
Fort Bend Sun,2,2
Salina Journal,2,2
San Juan Record,2,2
"KXTE-FM (Las Vegas, NV)",2,2
"WRFL-FM (Lexington, KY)",2,2
Droid Life,2,2
Sandy Post,2,2
Douglas Budget,2,2
WXBK-FM (94.7 The Block ),2,2
"WXYT-AM (Southfield, MI)",2,2
Wilkes Journal-Patriot,2,2
Saugus Advertiser,2,2
"WWXM-FM (Myrtle Beach, SC)",2,2
Dillon Tribune,2,2
"WFPA-TV (Philadelphia, PA)",2,2
KXCI 91.3,2,2
"WXSS-FM (Hales Corners, WI)",2,2
Fairfield Sun Times,2,2
The Beacon Newspapers,2,2
The Bitterroot Star,2,2
Fish Alaska Magazine,2,2
Fiddlehead Focus,2,2
"WGNB-FM (Zeeland, MI)",2,2
The Batesville Daily Guard,2,2
Friendswood Journal,2,2
"KYBA-FM (Rochester, MN)",2,2
"KWNR-FM (Las Vegas, NV)",2,2
Farmington Daily Times,2,2
"KWWK-FM (Rochester, MN)",2,2
"WGZB-FM (Louisville, KY)",2,2
Memorial Examiner,2,2
Gallup Independent,2,2
Rooster Teeth,2,2
The Badger Herald,2,2
"WPSG-TV (Philadelphia, PA)",2,2
"WHBL-AM (Sheboygan , WI)",2,2
WRHI Radio,2,2
Estacada News,2,2
Fox Sports Florida,2,2
"KXEW-AM (Tucson, AZ)",2,2
Religion Dispatches,2,2
"KXGN-TV (Glendive, MT)",2,2
Savage Pacer,2,2
Update New Jersey,2,2
Delta Democrat Times,2,2
Scottsdale Independent,2,2
Madison County Journal,2,2
"WMSC-FM (Upper Montclair, NJ)",2,2
The Money Pit,2,2
"WPGG-AM (Northfield, NJ)",2,2
Lehi Free Press,2,2
Bettendorf News,2,2
Bingham News Chronicle,2,2
Black Information Network,2,2
Marblehead Reporter,2,2
South Philly Review,2,2
"WKSJ-FM (Mobile, AL)",2,2
"WKRZ-FM (Pittston, PA)",2,2
Box Elder News Journal,2,2
Branson Tri-Lakes News,2,2
"WKRD-AM (Louisville, KY)",2,2
Maui News,2,2
Las Vegas Optic,2,2
WMRA Public Radio,2,2
"WLIF-FM (Baltimore, MD)",2,2
Belgrade News,2,2
The Manchester Times,2,2
The Madras Pioneer,2,2
"WMGS-FM (Wilkes Barre, PA)",2,2
"Star News (McCall, ID)",2,2
St. Peter Herald,2,2
"WMEQ-AM (Eau Claire, WI)",2,2
"WQHQ-FM (Salisbury, MD)",2,2
The Maine Edge,2,2
Student Life,2,2
The Lake Houston Observer,2,2
Anchorage Press,2,2
Linder Farm Network,2,2
Atascocita Observer,2,2
Lexington County Chronicle & The Dispatch News,2,2
Sparks Tribune,2,2
York County Coast Star,2,2
"WLRH-FM (Huntsville, AL)",2,2
"WKQI-FM (Detroit, MI)",2,2
SmithVille Times,2,2
"WKOK-AM (Sunbury, PA)",2,2
"KZCE-FM (Cordes Lakes, AZ)",2,2
The Inter-Mountain,2,2
The News Virginian,2,2
Shelby Star,2,2
"KZMU-FM (Moab, UT)",2,2
"KZJK-FM (Minneapolis, MN)",2,2
"KZIO-FM (Duluth, MN)",2,2
The Northside Sun,2,2
Cruise Radio,2,2
Shooting Times,2,2
Cruise Trade News,2,2
The Oklahoma Eagle,2,2
Daily Athenaeum,2,2
"WMXJ-FM (Miami, FL)",2,2
"WYFT-FM (Luray, VA)",2,2
"KYUR-TV (Anchorage, AK)",2,2
"Daily Journal (Seneca, South Carolina)",2,2
"WRAT-FM (Belmar, NJ)",2,2
"WJCT-FM (Jacksonville, FL)",2,2
"WSKQ-FM (New York, NY)",2,2
Chronicle - Independent,2,2
The Jonesboro Sun,2,2
Brunswick Sun Times,2,2
Lahaina News,2,2
Canon City Daily Record,2,2
Sioux Center News,2,2
Charlevoix Courier,2,2
Chestnut Hill Local,2,2
Church Point News,2,2
Shoshone News Press,2,2
Clackamas Review,2,2
The Jackson Sun,2,2
"WJMZ-FM (Greenville, SC)",2,2
"WMWV-FM (Conway, NH)",2,2
La Prensa Latina,2,2
Sikeston Standard Democrat,2,2
KZND-FM,2,2
Sherwood Gazette,2,2
"WSBE-TV (Providence, RI)",2,2
Louisiana Sportsman,2,2
"KENI-AM (Anchorage, AK)",2,2
KDHL AM 920,2,2
"KRQQ-FM (Tucson, AZ)",2,2
The Greenwood Commonwealth,2,2
"KDSM-TV (Des Moines, IA)",2,2
"KRFX-FM (Denver, CO)",2,2
"WBMX-FM (Chicago, IL)",2,2
"KEGA-FM (Salt Lake City, UT)",2,2
"KQCA-TV (Sacramento, CA)",2,2
The Gaffney Ledger,2,2
"KQAC-FM (Portland, OR )",2,2
The Green River Star,2,2
NaturallyCurly,2,2
"KFTZ-FM (Idaho Falls, ID)",2,2
"KFXA-TV (Cedar Rapids, IA)",2,2
"WBBZ-TV (Williamsville, NY)",2,2
"Northside Neighbor (Sandy Springs, Roswell, GA)",2,2
"WBTJ-FM (Henrico, VA)",2,2
"KCYE-FM (Las Vegas, NV)",2,2
Orange County Review,2,2
"WBUL-FM (Lexington, KY)",2,2
"KBCO-FM (Denver, CO)",2,2
Mountain Weekly News,2,2
"WCCP-FM (Clemson, SC)",2,2
"KBCW-TV (San Francisco, CA)",2,2
"KBFM-FM (Edinburg, TX)",2,2
Owensboro Radio,2,2
"KBXX-FM (Houston, TX)",2,2
"WCBC-AM (Cumberland, MD)",2,2
WVLC-99.9 FM,2,2
"KBYU-FM (Salt Lake City, UT)",2,2
"WCAI-FM (Woods Hole, MA)",2,2
"WVKS-FM (Toledo, OH)",2,2
"KCFW-TV (Kalispell, MT)",2,2
MSU Reflector,2,2
The Virginia Gazette,2,2
"WTVB-AM (Coldwater, MI)",2,2
TNT,2,2
"WCKQ-FM (Campbellsville, KY)",2,2
"KKHH-FM (Houston, TX)",2,2
"KJCE-AM (Austin, TX)",2,2
"WAFJ-FM (Belvedere, SC)",2,2
"KJKK-FM (Dallas, TX)",2,2
"KJYO-FM (Oklahoma City, OK)",2,2
"KKCB-FM (Duluth, MN)",2,2
"KKCW-FM  (Portland, OR)",2,2
"KKDM-FM (Des Moines, IA)",2,2
Uinta County Herald,2,2
"WAXX-FM (Altoona, WI)",2,2
"KLEW-TV (Lewiston, ID)",2,2
"KLIX-AM (Twin Falls, Idaho)",2,2
News Journal,2,2
"KMTI-AM (Manti, UT)",2,2
The Eastern New Mexico,2,2
University of Washington Daily,2,2
"KMSB-TV (Tucson, AZ)",2,2
"KNIN-TV (Nampa, ID)",2,2
"WAIO-FM (Honeoye Falls, NY)",2,2
KiX 96 FM,2,2
Kingman Daily Miner,2,2
The Daily Utah Chronicle,2,2
"KHET-TV (Honolulu, HI)",2,2
"KHKA-AM (Honolulu, HI)",2,2
"WUSL-FM (Philadelphia, PA)",2,2
"WRVQ-FM (Richmond, VA)",2,2
"KHMT-TV (Billings, MT)",2,2
Northern Nevada Business Weekly,2,2
Northern Kentucky Tribune,2,2
Washington Hispanic,2,2
"KIEM-TV (Eureka, CA)",2,2
The Deming Headlight,2,2
Kodiak Daily Mirror,2,2
"KNVN-TV (Chico, CA)",2,2
"WAPL-FM (Appleton, WI)",2,2
"KNRS-FM (Salt Lake City, UT)",2,2
The Utah Statesman,2,2
"KBUL-AM (Billings, MT)",2,2
Woodburn Independent,2,2
"KALC-FM (Denver, CO)",2,2
Hawaii Army Weekly,2,2
"WDCA-TV (Washington, DC)",2,2
"KAEF-TV (Arcata, CA)",2,2
Western Ag Reporter,2,2
The Cordova Times,2,2
Jackson Hole Daily,2,2
"KSOP-FM (Salt Lake City, UT)",2,2
Poynette Press,2,2
Homer News,2,2
"KSRV-FM (Nampa, ID)",2,2
"WESC-FM (Greenville, SC)",2,2
"WERQ-FM (Baltimore, MD)",2,2
The Temple News,2,2
"KTEX-FM (Mercedes, TX)",2,2
"WCLU-AM (Glasgow, KY)",2,2
"KTGV-FM (Tucson, AZ)",2,2
Pinedale Roundup,2,2
"WERC-FM (Hoover, AL)",2,2
Into the Gloss,2,2
"WEPN-AM (New York, NY)",2,2
"WTKU-FM (Linwood, NJ)",2,2
"WNJB-TV (Trenton, NJ)",2,2
"WEBN-FM (Cincinnati, OH)",2,2
Humble Observer,2,2
The Clanton Advertiser,2,2
Weirton Daily Times,2,2
"KTMG-FM (Prescott, AZ)",2,2
The House FM,2,2
Prior Lake American,2,2
"WCRB-FM (Lowell, MA)",2,2
Hattiesburg American,2,2
The Saratoga Sun,2,2
Peninsula Clarion,2,2
The Sea Coast Echo,2,2
Millard County Chronicle Progress,2,2
"KRXI-TV (Reno, NV)",2,2
"WCNY-TV (Syracuse, NY)",2,2
"WCOS-FM (Columbia, SC)",2,2
The Catholic Transcript,2,2
New Canaan Advertiser,2,2
The Sheboygan Press,2,2
Hamodia,2,2
WNRN,2,2
"KUEN-TV (Salt Lake City, UT)",2,2
Petersen's Bowhunting,2,2
Idaho County Free Press,2,2
The Toms River Times,2,2
"WCZT-FM (Villas, NJ)",2,2
KARP-FM,2,2
"WNOR-FM (Chesapeake, VA)",2,2
"WEZL-FM (Charleston, SC)",2,2
The Courier-Gazette,2,2
"WEZB-FM (New Orleans, LA)",2,2
1280thezone.com,1,1
"WMLL-FM (Manchester, NH)",1,1
"WSYT-TV (Syracuse, NY)",1,1
WWPW-FM (Atlanta GA),1,1
"WODE-FM (West Easton, PA)",1,1
"WRTO-FM (Medley, FL)",1,1
"WTJU-FM (Charlottesville, VA)",1,1
"WSCC-FM (Charleston, SC)",1,1
"WWME-TV (Chicago, IL)",1,1
"WQKS-FM (Montgomery, AL)",1,1
"WMSE-FM (Milwaukee, WI)",1,1
"WQEN-FM HD2 (Birmingham, AL)",1,1
"WUMP-AM (Athens, AL)",1,1
"WRIR-FM (Richmond,VA)",1,1
YourClassical,1,1
WNHN-FM,1,1
"WRVL-FM (Lynchburg, VA)",1,1
"WUSQ-FM (Winchester, VA )",1,1
Yeti Dispatch,1,1
"WQMF-FM (Louisville, KY)",1,1
"WVBT-TV (Portsmouth, VA)",1,1
"WMXS-FM (Montgomery, AL)",1,1
"WMXL-FM (Lexington, KY)",1,1
WNYA,1,1
"WXXK-FM (WEST LEBANON, NH)",1,1
"WOOF-AM (Dothan, AL)",1,1
WSCA 106.1,1,1
"WRNO-FM (New Orleans, LA)",1,1
"WSON-AM/FM (Henderson, KY)",1,1
"WVLT-FM (Vineland, NJ)",1,1
"WPPX-TV (Philadelphia, PA)",1,1
"WMXC-FM (Mobile, AL)",1,1
"WTSK-AM (Tuscaloosa, AL)",1,1
"WYDC-TV (Corning, NY)",1,1
"WRDG-FM (Bowdon, Georgia)",1,1
"WNTM-AM (Mobile, AL)",1,1
"WSPA-FM (Greenville, SC)",1,1
"WTPT-FM (Greenville, SC)",1,1
"WTSR-FM (Trenton, NJ)",1,1
"WPAR-FM (Salem, VA)",1,1
WMKY-FM,1,1
"WPXN-TV (New York, NY)",1,1
"WTLX-FM (Monona, Wisconsin)",1,1
"WPPN-FM (Des Plaines, IL)",1,1
"WOMX-FM (Orlando, FL )",1,1
"WWDE-FM (VirginiaBeach, VA)",1,1
"WRME-FM (Chicago, IL)",1,1
"WQRV-FM (Madison, AL)",1,1
"WMYT-TV (Charlotte, NC)",1,1
Wyoming PBS,1,1
"WRXL-FM (Richmond, VA)",1,1
"WRRC-FM (Lawrenceville, NJ)",1,1
"WPBT-TV (Miami, FL )",1,1
WROV-FM (Roanoke VA),1,1
"WTUG-FM (Tuscaloosa, AL)",1,1
"WRFQ-FM (Mt. Pleasant, SC)",1,1
"WMYD-TV (Southfield, MI)",1,1
"WSBK-TV (Boston, MA)",1,1
Abbeville Meridional,1,1
"WMJM-FM (Louisville, KY)",1,1
"KJZZ-TV (Salt Lake City, UT)",1,1
"KHKU-FM (Hanapepe, HI)",1,1
"KHRR-TV Tucson, AZ",1,1
"KHVH-AM (Honolulu, HI)",1,1
"KIIT-TV (North Platte, NE)",1,1
"KIZN-FM (Boise, ID)",1,1
"KJMY-FM (Salt Lake City, UT)",1,1
"KJNB-TV (Jonesboro, AR)",1,1
"KKEA-AM (Honolulu, HI)",1,1
"KNST-AM (Tucson, AZ)",1,1
"KKFT-FM (Carson City, NV)",1,1
"KKOH-AM (Reno, NV)",1,1
"KKSE-FM (Broomfield, CO)",1,1
"KLCA-FM (Reno, NV)",1,1
"KMHK-FM (Billings, MT)",1,1
"KMNB-FM (Minneapolis, MN)",1,1
"KMTP-TV (South San Francisco, CA)",1,1
"KGRP-FM (Bemidji, MN)",1,1
"KFXD-FM (Boise, ID)",1,1
"KFSF-TV (San Francisco, CA)",1,1
"KENW-TV (Portales, NM)",1,1
Kansas City Live - KSHB TV,1,1
"KATZ-AM (Saint Louis, MO)",1,1
"KAUT-TV (Oklahoma City, OK)",1,1
"KAZG-AM (Phoenix, AZ)",1,1
"KBGF-TV (Helena, MT)",1,1
"KBYI-FM (Rexburg, ID)",1,1
"KCBA-TV (Monterey, CA)",1,1
"KCCN-FM (Honolulu, HI)",1,1
"KCLV-TV (Las Vegas, NV)",1,1
"KCNV-FM (Las Vegas, NV)",1,1
KCTN-FM,1,1
"KDBI-FM (Nampa, ID)",1,1
"KDCU-DT (Wichita, KS)",1,1
"KDNN-FM (Honolulu, HI)",1,1
Kentucky Kernel,1,1
"KNEV-FM (Reno, NV)",1,1
"KOVE-AM (Lander, WY)",1,1
Ka Leo o Hawai'i,1,1
"KVIE-TV (Sacramento, CA)",1,1
"KTXH-TV (Houston, TX)",1,1
"KUAC-TV (Fairbanks, AK)",1,1
"KUAT-FM (Tucson, AZ)",1,1
"KUAZ-FM (Tucson, AZ)",1,1
"KUCW-TV (Salt Lake City, UT)",1,1
"KUSM-TV (Bozeman, MT)",1,1
"KVBH-FM (San Antonio, TX)",1,1
"KVNU-AM (Logan, UT)",1,1
"KOZE-FM (Lewiston, Idaho)",1,1
"KWBE-TV (Beatrice, NE)",1,1
"KWFI-FM (Aberdeen, ID)",1,1
"KWFS-AM (Wichita Falls, TX)",1,1
"KWHB-TV (Tulsa, OK)",1,1
"KXMX-FM (Muldrow, OK)",1,1
"KXST-AM (North Las Vegas, NV)",1,1
"KXTU-TV (Colorado Springs, CO)",1,1
"KTMW 20 (Murray, UT)",1,1
"KTMF-TV (Missoula, MT)",1,1
"KTLK-AM (St. Louis Park, MN)",1,1
"KTIS-AM (Saint Paul, MN)",1,1
"KPHW-FM (Honolulu, HI)",1,1
"KQKS-FM (Denver, CO)",1,1
"KQXR-FM (Boise, ID)",1,1
"KRBQ-FM (San Francisco, CA)",1,1
"KREN-TV (Reno, NV)",1,1
"KRLV-AM (Las Vegas, NV)",1,1
"KRSC-FM (Claremore, OK)",1,1
"KRTR-FM (Honolulu, HI)",1,1
"KSAH-FM (San Antonio, TX)",1,1
"KSAW-TV (Nampa, ID)",1,1
"KSOM-FM (Audubon, IA)",1,1
"KSSK-FM (Honolulu, HI)",1,1
"KTBT-FM (Tulsa, OK)",1,1
"KTBZ-AM (Tulsa, OK)",1,1
KTEP-FM,1,1
"KAIL-TV (Clovis, CA)",1,1
Journal of Transportation Engineering,1,1
"WMHT-TV (Troy, NY)",1,1
Coyote Student News,1,1
Char-Koosta News,1,1
Cibola Citizen,1,1
Clayton News,1,1
Clearwater Progress,1,1
College Heights Herald,1,1
Connect Bridgeport,1,1
Connect FM,1,1
Daily Comet,1,1
East Montgomery County Observer,1,1
Daily Lobo,1,1
Daily Mississippian,1,1
Daily Sitka Sentinel,1,1
Deadline Detroit,1,1
Denver Catholic,1,1
Diario La Estrella,1,1
Dothan Progress,1,1
Chanhassen Villager,1,1
Central Oregonian,1,1
BYU-I Scroll,1,1
Butler County Radio Network,1,1
ACP Hospitalist,1,1
Alaska Business Monthly,1,1
Alaska Native News,1,1
American Psychologist,1,1
Antelope County News,1,1
Anything Goes Radio,1,1
Apache Junction/Gold Canyon Independent,1,1
Avenue News,1,1
Bastrop Advertiser,1,1
BlackFriday.com,1,1
Bonners Ferry Herald,1,1
Boulder City Review,1,1
Breitbart News Daily,1,1
Buffalo Bulletin,1,1
Business Tribune,1,1
Dyersburg State Gazette,1,1
El Mundo (Las Vegas),1,1
Joel Osteen Podcast,1,1
Houston Life,1,1
Goochland Gazette,1,1
Great Day Houston,1,1
Gresham Outlook,1,1
Hawaii 24/7,1,1
Hawaii Catholic Herald,1,1
Hawaii Herald,1,1
Health City Sun,1,1
Howard County Times,1,1
El Pueblo Latino,1,1
HOY en Delaware,1,1
HubCitySPOKES,1,1
Idaho Senior Independent,1,1
Iowa State Daily,1,1
Irvine World News: Orange County Register,1,1
It's Okay to Be Smart,1,1
Jefferson Star,1,1
Go Knoxville,1,1
Glenrock Independent,1,1
Garden City Telegram,1,1
Fox Sports Detroit,1,1
El Sol de Nevada,1,1
El Tiempo Hispano,1,1
Elgin Courier-News,1,1
Enterprise Ledger,1,1
Enterprise.nxt,1,1
Examiner,1,1
First News,1,1
Fixed Ops Journal,1,1
Florence Reminder & Blade-Tribune,1,1
Florida Jewish Journal,1,1
For Kauai Online,1,1
Ford Authority,1,1
Forest Grove News-Times,1,1
Fort Dodge Messenger,1,1
Fox Baltimore,1,1
"KXVO-TV (Omaha, NE)",1,1
"KXXY-FM (Oklahoma City, OK)",1,1
"KYOU-TV (Ottumwa, IA )",1,1
UniMas,1,1
The UNLV Scarlet & Gray Free Press,1,1
The Weymouth News,1,1
Times-Independent,1,1
Tri-Town News,1,1
Tulane Hullabaloo,1,1
Tulsa Beacon,1,1
Uintah Basin Standard,1,1
Union Daily Times,1,1
"WAVA-FM (Arlington, VA)",1,1
University of Idaho Argonaut,1,1
UW Branding Iron,1,1
Valencia County News-Bulletin,1,1
VCY America,1,1
"WACL-FM (Harrisonburg, VA)",1,1
"WADO-AM (New York, NY)",1,1
"WAMR-FM (Miami, FL)",1,1
The Triangle,1,1
The Tiger (Clemson University),1,1
The Southwest Community Connection,1,1
"The Salem News (Salem, MO)",1,1
"The Freeman (Waukesha, WI)",1,1
The Infatuation Austin,1,1
The Item,1,1
The Lancaster News,1,1
"The Local (East Falls, PA)",1,1
The Morgan Messenger,1,1
The Mountain Times,1,1
"The Mountain Times (Boone, North Carolina)",1,1
The Nevada Sagebrush,1,1
The Newberg Graphic,1,1
The Newberry Observer,1,1
The Piscataquis Observer,1,1
The Point Pleasant Register,1,1
"The Press (Dover, MA)",1,1
The Record-Courier,1,1
WASR,1,1
"WBFX-FM (Grand Rapids, MI)",1,1
"KZBQ-FM (Pocatello, ID)",1,1
"WJMX-FM (Florence, SC)",1,1
"WGGY-FM (Pittston, PA)",1,1
Whitefish Pilot,1,1
"WHRV-FM (Norfolk, VA)",1,1
"WHWC-FM (Menomonie, WI)",1,1
"WHYA-FM (Hyannis, MA)",1,1
Wiscasset Newspaper,1,1
Wisconsin Jewish Chronicle,1,1
"WJRZ-FM (Manahawkin, NJ)",1,1
"WBGB-FM (Boston, MA)",1,1
"WJSR-FM (Richmond, VA)",1,1
"WKTK-FM (Gainesville, FL)",1,1
"WLAP-AM (Lexington, KY)",1,1
WLCL-FM,1,1
"WLEY-FM (Chicago, IL)",1,1
WLGC-FM,1,1
"WLTY-FM (Columbia, SC)",1,1
"WGGS-TV 16 (Taylors, SC)",1,1
"WFXV-TV (Utica, NY)",1,1
WFWM-FM (Frostburg MD),1,1
"WFQX-TV (Cadillac, MI)",1,1
WBVP Radio,1,1
"WCHR-FM (Toms River, NJ)",1,1
"WCOV-TV (Montgomery, AL)",1,1
"WCWJ-TV (Jacksonville, FL)",1,1
"WCWN-TV (Schenectady, NY)",1,1
"WDLT-FM (Mobile, AL)",1,1
"WDXB-FM (Birmingham, AL)",1,1
Weber State Signpost,1,1
"WEGX-FM (Florence, SC)",1,1
"WESR-AM (Onley-Onancock, VA)",1,1
West Georgia Neighbor,1,1
West Seattle Herald,1,1
"WFDU-FM (Teaneck, NJ)",1,1
"WFEA-AM (Manchester, NH)",1,1
"WFFN-FM (Tuscaloosa, AL)",1,1
The Filipino Chronicle,1,1
The Ely Times,1,1
The Daily Targum,1,1
Must Read Alaska,1,1
MidWeek,1,1
Milford Beacon,1,1
Milwaukee Community Journal,1,1
Mineral Daily News - Tribune,1,1
Moab Sun News,1,1
Modern Drunkard Magazine,1,1
Molalla Pioneer,1,1
Myrtle Beach Herald,1,1
The Daily Campus,1,1
NBC Sports Northwest,1,1
Nelson County Times,1,1
Nguoi Viet Daily News,1,1
North American Whitetail Magazine,1,1
North Platte Bulletin,1,1
Norwalk Hamlet Hub,1,1
Oceana's Herald-Journal,1,1
Middletown Transcript,1,1
Mesquite Local News,1,1
Mechanicsville Local,1,1
McLean County News,1,1
"KZHT-FM (Salt Lake City, UT)",1,1
"KZMG-FM (Nampa, ID)",1,1
La Estrella De Tucson,1,1
Lafourche Gazette,1,1
Las Cruces Bulletin,1,1
Las Vegas Business Press,1,1
Laurel Outlook,1,1
Lexington Clipper-Herald,1,1
Madison County Eagle,1,1
Majic 102.1 FM,1,1
Manhasset Times,1,1
Maricopa Monitor,1,1
Marshalltown Times Republican,1,1
Mat-Su Valley Frontiersman,1,1
McCook Daily Gazette,1,1
Oregon City News,1,1
Oregon Live,1,1
Pageland Progressive-Journal,1,1
Spalding and South Holland Voice,1,1
St. Cloud Times,1,1
Stevens Point Journal,1,1
Stone County Enterprise,1,1
Sublette Examiner,1,1
Suburban,1,1
SWX Right Now,1,1
Talk of the Town,1,1
TBS,1,1
The Advocate-Messenger,1,1
The Arbiter,1,1
The Bengal,1,1
The Block Island Times,1,1
The Bogalusa Daily News,1,1
The Circus,1,1
"The Courier (Waterloo, WI)",1,1
Spectrum News Maine,1,1
Soul of the South Network,1,1
Penobscot Bay Press,1,1
Smyrna-Clayton Sun Times,1,1
Philadelphia Bar Reporter,1,1
Praise & Worship,1,1
Quay County Sun,1,1
RealClear Defense,1,1
Ruidoso News,1,1
Runta Somali News Magazine,1,1
Salem Gazette,1,1
Sand Springs Leader,1,1
Seattle Chinese Post,1,1
Seattle Chinese Times,1,1
Shakopee Valley News,1,1
Sho-Ban News,1,1
Shoreline Media Group,1,1
Sierra County Sentinel,1,1
"SitNews (Ketchikan, AK)",1,1
93.7 El Patron,1,1
